timestamp,sequence,EEG-imp-ch1,EEG-imp-ch2,EEG-imp-ch3,EEG-imp-ch4,EEG-imp-ch5,EEG-imp-ch6,EEG-imp-ch7,EEG-imp-ch8,EEG-imp-ch9,EEG-imp-ch10,EEG-imp-ch11,EEG-imp-ch12,EEG-imp-ch13,EEG-imp-ch14,EEG-imp-ch15,EEG-imp-ch16
561070832174,36485,4,4,4,4,4,4,4,4,4,4,4,4,4,4,4,4
561070865906,36486,4,4,4,4,4,4,4,4,4,4,4,4,4,4,4,4
561070898522,36487,4,4,4,4,4,4,4,4,4,4,4,4,4,4,4,4
561070928425,36488,4,4,4,4,4,4,4,4,4,4,4,4,4,4,4,4
561070961136,36489,4,4,4,4,4,4,4,4,4,4,4,4,4,4,4,4
561070990901,36490,4,4,4,4,4,4,4,4,4,4,4,4,4,4,4,4
561071020869,36491,4,4,4,4,4,4,4,4,4,4,4,4,4,4,4,4
561071082393,36492,4,4,4,4,4,4,4,4,4,4,4,4,4,4,4,4
561071089958,36493,4,4,4,4,4,4,4,4,4,4,4,4,4,4,4,4
561071118715,36494,4,4,4,4,4,4,4,4,4,4,4,4,4,4,4,4
561071192280,36495,4,4,4,4,4,4,4,4,4,4,4,4,4,4,4,4
561071201149,36496,4,4,4,4,4,4,4,4,4,4,4,4,4,4,4,4
561071223887,36497,4,4,4,4,4,4,4,4,4,4,4,4,4,4,4,4
561071243740,36498,4,4,4,4,4,4,4,4,4,4,4,4,4,4,4,4
561071271166,36499,4,4,4,4,4,4,4,4,4,4,4,4,4,4,4,4
561071306262,36500,4,4,4,4,4,4,4,4,4,4,4,4,4,4,4,4
561071341128,36501,4,4,4,4,4,4,4,4,4,4,4,4,4,4,4,4
561071377788,36502,4,4,4,4,4,4,4,4,4,4,4,4,4,4,4,4
561071398553,36503,4,4,4,4,4,4,4,4,4,4,4,4,4,4,4,4
561071433620,36504,4,4,4,4,4,4,4,4,4,4,4,4,4,4,4,4
561071462448,36505,4,4,4,4,4,4,4,4,4,4,4,4,4,4,4,4
561071492218,36506,4,4,4,4,4,4,4,4,4,4,4,4,4,4,4,4
561071570032,36507,4,4,4,4,4,4,4,4,4,4,4,4,4,4,4,4
561071578647,36508,4,4,4,4,4,4,4,4,4,4,4,4,4,4,4,4
561071609868,36509,4,4,4,4,4,4,4,4,4,4,4,4,4,4,4,4
561071622174,36510,4,4,4,4,4,4,4,4,4,4,4,4,4,4,4,4
561071652507,36511,4,4,4,4,4,4,4,4,4,4,4,4,4,4,4,4
561071682120,36512,4,4,4,4,4,4,4,4,4,4,4,4,4,4,4,4
561071714582,36513,4,4,4,4,4,4,4,4,4,4,4,4,4,4,4,4
561071748447,36514,4,4,4,4,4,4,4,4,4,4,4,4,4,4,4,4
561071775928,36515,4,4,4,4,4,4,4,4,4,4,4,4,4,4,4,4
561071812140,36516,4,4,4,4,4,4,4,4,4,4,4,4,4,4,4,4
561071846382,36517,4,4,4,4,4,4,4,4,4,4,4,4,4,4,4,4
561071917802,36518,4,4,4,4,4,4,4,4,4,4,4,4,4,4,4,4
561071924695,36519,4,4,4,4,4,4,4,4,4,4,4,4,4,4,4,4
561071932165,36520,4,4,4,4,4,4,4,4,4,4,4,4,4,4,4,4
561071959904,36521,4,4,4,4,4,4,4,4,4,4,4,4,4,4,4,4
561071993841,36522,4,4,4,4,4,4,4,4,4,4,4,4,4,4,4,4
561072032306,36523,4,4,4,4,4,4,4,4,4,4,4,4,4,4,4,4
561072058862,36524,4,4,4,4,4,4,4,4,4,4,4,4,4,4,4,4
561072095068,36525,4,4,4,4,4,4,4,4,4,4,4,4,4,4,4,4
561072122366,36526,4,4,4,4,4,4,4,4,4,4,4,4,4,4,4,4
561072156316,36527,4,4,4,4,4,4,4,4,4,4,4,4,4,4,4,4
561072182437,36528,4,4,4,4,4,4,4,4,4,4,4,4,4,4,4,4
561072206374,36529,4,4,4,4,4,4,4,4,4,4,4,4,4,4,4,4
561072283173,36530,4,4,4,4,4,4,4,4,4,4,4,4,4,4,4,4
561072289885,36531,4,4,4,4,4,4,4,4,4,4,4,4,4,4,4,4
561072307474,36532,4,4,4,4,4,4,4,4,4,4,4,4,4,4,4,4
561072356349,36533,4,4,4,4,4,4,4,4,4,4,4,4,4,4,4,4
561072377387,36534,4,4,4,4,4,4,4,4,4,4,4,4,4,4,4,4
561072408860,36535,4,4,4,4,4,4,4,4,4,4,4,4,4,4,4,4
561072427565,36536,4,4,4,4,4,4,4,4,4,4,4,4,4,4,4,4
561072460086,36537,4,4,4,4,4,4,4,4,4,4,4,4,4,4,4,4
561072490013,36538,4,4,4,4,4,4,4,4,4,4,4,4,4,4,4,4
561072549032,36539,4,4,4,4,4,4,4,4,4,4,4,4,4,4,4,4
561072554805,36540,4,4,4,4,4,4,4,4,4,4,4,4,4,4,4,4
561072586354,36541,4,4,4,4,4,4,4,4,4,4,4,4,4,4,4,4
561072654616,36542,4,4,4,4,4,4,4,4,4,4,4,4,4,4,4,4
561072663664,36543,4,4,4,4,4,4,4,4,4,4,4,4,4,4,4,4
561072685046,36544,4,4,4,4,4,4,4,4,4,4,4,4,4,4,4,4
561072716337,36545,4,4,4,4,4,4,4,4,4,4,4,4,4,4,4,4
561072751315,36546,4,4,4,4,4,4,4,4,4,4,4,4,4,4,4,4
561072776333,36547,4,4,4,4,4,4,4,4,4,4,4,4,4,4,4,4
561072803634,36548,4,4,4,4,4,4,4,4,4,4,4,4,4,4,4,4
561072839897,36549,4,4,4,4,4,4,4,4,4,4,4,4,4,4,4,4
561072869963,36550,4,4,4,4,4,4,4,4,4,4,4,4,4,4,4,4
561072903615,36551,4,4,4,4,4,4,4,4,4,4,4,4,4,4,4,4
561072942277,36552,4,4,4,4,4,4,4,4,4,4,4,4,4,4,4,4
561072988856,36553,4,4,4,4,4,4,4,4,4,4,4,4,4,4,4,4
561073041420,36554,4,4,4,4,4,4,4,4,4,4,4,4,4,4,4,4
561073048116,36555,4,4,4,4,4,4,4,4,4,4,4,4,4,4,4,4
561073057330,36556,4,4,4,4,4,4,4,4,4,4,4,4,4,4,4,4
561073088649,36557,4,4,4,4,4,4,4,4,4,4,4,4,4,4,4,4
561073119697,36558,4,4,4,4,4,4,4,4,4,4,4,4,4,4,4,4
561073156227,36559,4,4,4,4,4,4,4,4,4,4,4,4,4,4,4,4
561073178610,36560,4,4,4,4,4,4,4,4,4,4,4,4,4,4,4,4
561073215004,36561,4,4,4,4,4,4,4,4,4,4,4,4,4,4,4,4
561073244699,36562,4,4,4,4,4,4,4,4,4,4,4,4,4,4,4,4
561073275982,36563,4,4,4,4,4,4,4,4,4,4,4,4,4,4,4,4
561073311143,36564,4,4,4,4,4,4,4,4,4,4,4,4,4,4,4,4
561073333464,36565,4,4,4,4,4,4,4,4,4,4,4,4,4,4,4,4
561073392579,36566,4,4,4,4,4,4,4,4,4,4,4,4,4,4,4,4
561073400594,36567,4,4,4,4,4,4,4,4,4,4,4,4,4,4,4,4
561073437546,36568,4,4,4,4,4,4,4,4,4,4,4,4,4,4,4,4
561073459747,36569,4,4,4,4,4,4,4,4,4,4,4,4,4,4,4,4
561073492322,36570,4,4,4,4,4,4,4,4,4,4,4,4,4,4,4,4
561073522314,36571,4,4,4,4,4,4,4,4,4,4,4,4,4,4,4,4
561073553561,36572,4,4,4,4,4,4,4,4,4,4,4,4,4,4,4,4
561073586021,36573,4,4,4,4,4,4,4,4,4,4,4,4,4,4,4,4
561073636146,36574,4,4,4,4,4,4,4,4,4,4,4,4,4,4,4,4
561073654851,36575,4,4,4,4,4,4,4,4,4,4,4,4,4,4,4,4
561073683877,36576,4,4,4,4,4,4,4,4,4,4,4,4,4,4,4,4
561073712616,36577,4,4,4,4,4,4,4,4,4,4,4,4,4,4,4,4
561073767538,36578,4,4,4,4,4,4,4,4,4,4,4,4,4,4,4,4
561073771672,36579,4,4,4,4,4,4,4,4,4,4,4,4,4,4,4,4
561073803284,36580,4,4,4,4,4,4,4,4,4,4,4,4,4,4,4,4
561073841173,36581,4,4,4,4,4,4,4,4,4,4,4,4,4,4,4,4
561073868601,36582,4,4,4,4,4,4,4,4,4,4,4,4,4,4,4,4
561073902333,36583,4,4,4,4,4,4,4,4,4,4,4,4,4,4,4,4
561073936099,36584,4,4,4,4,4,4,4,4,4,4,4,4,4,4,4,4
561073966312,36585,4,4,4,4,4,4,4,4,4,4,4,4,4,4,4,4
561073994855,36586,4,4,4,4,4,4,4,4,4,4,4,4,4,4,4,4
561074026074,36587,4,4,4,4,4,4,4,4,4,4,4,4,4,4,4,4
561074056366,36588,4,4,4,4,4,4,4,4,4,4,4,4,4,4,4,4
561074109844,36589,4,4,4,4,4,4,4,4,4,4,4,4,4,4,4,4
561074130096,36590,4,4,4,4,4,4,4,4,4,4,4,4,4,4,4,4
561074146893,36591,4,4,4,4,4,4,4,4,4,4,4,4,4,4,4,4
561074181851,36592,4,4,4,4,4,4,4,4,4,4,4,4,4,4,4,4
561074208168,36593,4,4,4,4,4,4,4,4,4,4,4,4,4,4,4,4
561074240033,36594,4,4,4,4,4,4,4,4,4,4,4,4,4,4,4,4
561074279798,36595,4,4,4,4,4,4,4,4,4,4,4,4,4,4,4,4
561074310076,36596,4,4,4,4,4,4,4,4,4,4,4,4,4,4,4,4
561074337398,36597,4,4,4,4,4,4,4,4,4,4,4,4,4,4,4,4
561074371340,36598,4,4,4,4,4,4,4,4,4,4,4,4,4,4,4,4
561074419850,36599,4,4,4,4,4,4,4,4,4,4,4,4,4,4,4,4
561074435157,36600,4,4,4,4,4,4,4,4,4,4,4,4,4,4,4,4
561074505013,36601,4,4,4,4,4,4,4,4,4,4,4,4,4,4,4,4
561074513602,36602,4,4,4,4,4,4,4,4,4,4,4,4,4,4,4,4
561074528566,36603,4,4,4,4,4,4,4,4,4,4,4,4,4,4,4,4
561074558500,36604,4,4,4,4,4,4,4,4,4,4,4,4,4,4,4,4
561074586293,36605,4,4,4,4,4,4,4,4,4,4,4,4,4,4,4,4
561074616869,36606,4,4,4,4,4,4,4,4,4,4,4,4,4,4,4,4
561074651497,36607,4,4,4,4,4,4,4,4,4,4,4,4,4,4,4,4
561074687570,36608,4,4,4,4,4,4,4,4,4,4,4,4,4,4,4,4
561074717262,36609,4,4,4,4,4,4,4,4,4,4,4,4,4,4,4,4
561074773026,36610,4,4,4,4,4,4,4,4,4,4,4,4,4,4,4,4
561074782317,36611,4,4,4,4,4,4,4,4,4,4,4,4,4,4,4,4
561074838941,36612,4,4,4,4,4,4,4,4,4,4,4,4,4,4,4,4
561074862415,36613,4,4,4,4,4,4,4,4,4,4,4,4,4,4,4,4
561074872279,36614,4,4,4,4,4,4,4,4,4,4,4,4,4,4,4,4
561074916329,36615,4,4,4,4,4,4,4,4,4,4,4,4,4,4,4,4
561074942264,36616,4,4,4,4,4,4,4,4,4,4,4,4,4,4,4,4
561074962623,36617,4,4,4,4,4,4,4,4,4,4,4,4,4,4,4,4
561074993390,36618,4,4,4,4,4,4,4,4,4,4,4,4,4,4,4,4
561075023660,36619,4,4,4,4,4,4,4,4,4,4,4,4,4,4,4,4
561075055092,36620,4,4,4,4,4,4,4,4,4,4,4,4,4,4,4,4
561075086137,36621,4,4,4,4,4,4,4,4,4,4,4,4,4,4,4,4
561075119853,36622,4,4,4,4,4,4,4,4,4,4,4,4,4,4,4,4
561075150286,36623,4,4,4,4,4,4,4,4,4,4,4,4,4,4,4,4
561075231186,36624,4,4,4,4,4,4,4,4,4,4,4,4,4,4,4,4
561075234933,36625,4,4,4,4,4,4,4,4,4,4,4,4,4,4,4,4
561075243483,36626,4,4,4,4,4,4,4,4,4,4,4,4,4,4,4,4
561075276285,36627,4,4,4,4,4,4,4,4,4,4,4,4,4,4,4,4
561075306340,36628,4,4,4,4,4,4,4,4,4,4,4,4,4,4,4,4
561075338859,36629,4,4,4,4,4,4,4,4,4,4,4,4,4,4,4,4
561075367591,36630,4,4,4,4,4,4,4,4,4,4,4,4,4,4,4,4
561075396629,36631,4,4,4,4,4,4,4,4,4,4,4,4,4,4,4,4
561075429102,36632,4,4,4,4,4,4,4,4,4,4,4,4,4,4,4,4
561075464765,36633,4,4,4,4,4,4,4,4,4,4,4,4,4,4,4,4
561075492393,36634,4,4,4,4,4,4,4,4,4,4,4,4,4,4,4,4
561075551126,36635,4,4,4,4,4,4,4,4,4,4,4,4,4,4,4,4
561075598646,36636,4,4,4,4,4,4,4,4,4,4,4,4,4,4,4,4
561075608585,36637,4,4,4,4,4,4,4,4,4,4,4,4,4,4,4,4
561075637561,36638,4,4,4,4,4,4,4,4,4,4,4,4,4,4,4,4
561075656233,36639,4,4,4,4,4,4,4,4,4,4,4,4,4,4,4,4
561075676173,36640,4,4,4,4,4,4,4,4,4,4,4,4,4,4,4,4
561075728792,36641,4,4,4,4,4,4,4,4,4,4,4,4,4,4,4,4
561075742538,36642,4,4,4,4,4,4,4,4,4,4,4,4,4,4,4,4
561075779870,36643,4,4,4,4,4,4,4,4,4,4,4,4,4,4,4,4
561075799729,36644,4,4,4,4,4,4,4,4,4,4,4,4,4,4,4,4
561075833645,36645,4,4,4,4,4,4,4,4,4,4,4,4,4,4,4,4
561075866407,36646,4,4,4,4,4,4,4,4,4,4,4,4,4,4,4,4
561075898895,36647,4,4,4,4,4,4,4,4,4,4,4,4,4,4,4,4
561075966317,36648,4,4,4,4,4,4,4,4,4,4,4,4,4,4,4,4
561075977423,36649,4,4,4,4,4,4,4,4,4,4,4,4,4,4,4,4
561076011213,36650,4,4,4,4,4,4,4,4,4,4,4,4,4,4,4,4
561076025114,36651,4,4,4,4,4,4,4,4,4,4,4,4,4,4,4,4
561076060248,36652,4,4,4,4,4,4,4,4,4,4,4,4,4,4,4,4
561076096312,36653,4,4,4,4,4,4,4,4,4,4,4,4,4,4,4,4
561076117394,36654,4,4,4,4,4,4,4,4,4,4,4,4,4,4,4,4
561076153555,36655,4,4,4,4,4,4,4,4,4,4,4,4,4,4,4,4
561076192668,36656,4,4,4,4,4,4,4,4,4,4,4,4,4,4,4,4
561076217738,36657,4,4,4,4,4,4,4,4,4,4,4,4,4,4,4,4
561076244941,36658,4,4,4,4,4,4,4,4,4,4,4,4,4,4,4,4
561076273448,36659,4,4,4,4,4,4,4,4,4,4,4,4,4,4,4,4
561076339759,36660,4,4,4,4,4,4,4,4,4,4,4,4,4,4,4,4
561076352514,36661,4,4,4,4,4,4,4,4,4,4,4,4,4,4,4,4
561076374030,36662,4,4,4,4,4,4,4,4,4,4,4,4,4,4,4,4
561076396154,36663,4,4,4,4,4,4,4,4,4,4,4,4,4,4,4,4
561076427287,36664,4,4,4,4,4,4,4,4,4,4,4,4,4,4,4,4
561076459801,36665,4,4,4,4,4,4,4,4,4,4,4,4,4,4,4,4
561076493600,36666,4,4,4,4,4,4,4,4,4,4,4,4,4,4,4,4
561076524558,36667,4,4,4,4,4,4,4,4,4,4,4,4,4,4,4,4
561076553454,36668,4,4,4,4,4,4,4,4,4,4,4,4,4,4,4,4
561076585479,36669,4,4,4,4,4,4,4,4,4,4,4,4,4,4,4,4
561076610310,36670,4,4,4,4,4,4,4,4,4,4,4,4,4,4,4,4
561076651359,36671,4,4,4,4,4,4,4,4,4,4,4,4,4,4,4,4
561076704983,36672,4,4,4,4,4,4,4,4,4,4,4,4,4,4,4,4
561076714812,36673,4,4,4,4,4,4,4,4,4,4,4,4,4,4,4,4
561076742121,36674,4,4,4,4,4,4,4,4,4,4,4,4,4,4,4,4
561076772189,36675,4,4,4,4,4,4,4,4,4,4,4,4,4,4,4,4
561076832449,36676,4,4,4,4,4,4,4,4,4,4,4,4,4,4,4,4
561076845998,36677,4,4,4,4,4,4,4,4,4,4,4,4,4,4,4,4
561076876256,36678,4,4,4,4,4,4,4,4,4,4,4,4,4,4,4,4
561076899851,36679,4,4,4,4,4,4,4,4,4,4,4,4,4,4,4,4
561076934619,36680,4,4,4,4,4,4,4,4,4,4,4,4,4,4,4,4
561076968887,36681,4,4,4,4,4,4,4,4,4,4,4,4,4,4,4,4
561076994366,36682,4,4,4,4,4,4,4,4,4,4,4,4,4,4,4,4
561077071703,36683,4,4,4,4,4,4,4,4,4,4,4,4,4,4,4,4
561077086310,36684,4,4,4,4,4,4,4,4,4,4,4,4,4,4,4,4
561077096058,36685,4,4,4,4,4,4,4,4,4,4,4,4,4,4,4,4
561077118482,36686,4,4,4,4,4,4,4,4,4,4,4,4,4,4,4,4
561077148520,36687,4,4,4,4,4,4,4,4,4,4,4,4,4,4,4,4
561077183835,36688,4,4,4,4,4,4,4,4,4,4,4,4,4,4,4,4
561077213841,36689,4,4,4,4,4,4,4,4,4,4,4,4,4,4,4,4
561077244824,36690,4,4,4,4,4,4,4,4,4,4,4,4,4,4,4,4
561077276080,36691,4,4,4,4,4,4,4,4,4,4,4,4,4,4,4,4
561077305890,36692,4,4,4,4,4,4,4,4,4,4,4,4,4,4,4,4
561077358609,36693,4,4,4,4,4,4,4,4,4,4,4,4,4,4,4,4
561077370416,36694,4,4,4,4,4,4,4,4,4,4,4,4,4,4,4,4
561077414401,36695,4,4,4,4,4,4,4,4,4,4,4,4,4,4,4,4
561077470082,36696,4,4,4,4,4,4,4,4,4,4,4,4,4,4,4,4
561077482385,36697,4,4,4,4,4,4,4,4,4,4,4,4,4,4,4,4
561077498941,36698,4,4,4,4,4,4,4,4,4,4,4,4,4,4,4,4
561077525060,36699,4,4,4,4,4,4,4,4,4,4,4,4,4,4,4,4
561077555939,36700,4,4,4,4,4,4,4,4,4,4,4,4,4,4,4,4
561077583692,36701,4,4,4,4,4,4,4,4,4,4,4,4,4,4,4,4
561077616158,36702,4,4,4,4,4,4,4,4,4,4,4,4,4,4,4,4
561077652589,36703,4,4,4,4,4,4,4,4,4,4,4,4,4,4,4,4
561077677561,36704,4,4,4,4,4,4,4,4,4,4,4,4,4,4,4,4
561077709837,36705,4,4,4,4,4,4,4,4,4,4,4,4,4,4,4,4
561077744927,36706,4,4,4,4,4,4,4,4,4,4,4,4,4,4,4,4
561077803697,36707,4,4,4,4,4,4,4,4,4,4,4,4,4,4,4,4
561077813671,36708,4,4,4,4,4,4,4,4,4,4,4,4,4,4,4,4
561077831206,36709,4,4,4,4,4,4,4,4,4,4,4,4,4,4,4,4
561077866287,36710,4,4,4,4,4,4,4,4,4,4,4,4,4,4,4,4
561077898775,36711,4,4,4,4,4,4,4,4,4,4,4,4,4,4,4,4
561077928896,36712,4,4,4,4,4,4,4,4,4,4,4,4,4,4,4,4
561077962623,36713,4,4,4,4,4,4,4,4,4,4,4,4,4,4,4,4
561077998740,36714,4,4,4,4,4,4,4,4,4,4,4,4,4,4,4,4
561078022588,36715,4,4,4,4,4,4,4,4,4,4,4,4,4,4,4,4
561078054871,36716,4,4,4,4,4,4,4,4,4,4,4,4,4,4,4,4
561078147432,36717,4,4,4,4,4,4,4,4,4,4,4,4,4,4,4,4
561078171134,36718,4,4,4,4,4,4,4,4,4,4,4,4,4,4,4,4
561078180521,36719,4,4,4,4,4,4,4,4,4,4,4,4,4,4,4,4
561078190180,36720,4,4,4,4,4,4,4,4,4,4,4,4,4,4,4,4
561078212861,36721,4,4,4,4,4,4,4,4,4,4,4,4,4,4,4,4
561078247211,36722,4,4,4,4,4,4,4,4,4,4,4,4,4,4,4,4
561078276252,36723,4,4,4,4,4,4,4,4,4,4,4,4,4,4,4,4
561078306323,36724,4,4,4,4,4,4,4,4,4,4,4,4,4,4,4,4
561078336212,36725,4,4,4,4,4,4,4,4,4,4,4,4,4,4,4,4
561078366300,36726,4,4,4,4,4,4,4,4,4,4,4,4,4,4,4,4
561078397560,36727,4,4,4,4,4,4,4,4,4,4,4,4,4,4,4,4
561078428864,36728,4,4,4,4,4,4,4,4,4,4,4,4,4,4,4,4
561078459875,36729,4,4,4,4,4,4,4,4,4,4,4,4,4,4,4,4
561078537595,36730,4,4,4,4,4,4,4,4,4,4,4,4,4,4,4,4
561078544769,36731,4,4,4,4,4,4,4,4,4,4,4,4,4,4,4,4
561078565159,36732,4,4,4,4,4,4,4,4,4,4,4,4,4,4,4,4
561078586485,36733,4,4,4,4,4,4,4,4,4,4,4,4,4,4,4,4
561078616873,36734,4,4,4,4,4,4,4,4,4,4,4,4,4,4,4,4
561078648883,36735,4,4,4,4,4,4,4,4,4,4,4,4,4,4,4,4
561078677622,36736,4,4,4,4,4,4,4,4,4,4,4,4,4,4,4,4
561078712625,36737,4,4,4,4,4,4,4,4,4,4,4,4,4,4,4,4
561078753913,36738,4,4,4,4,4,4,4,4,4,4,4,4,4,4,4,4
561078778899,36739,4,4,4,4,4,4,4,4,4,4,4,4,4,4,4,4
561078809900,36740,4,4,4,4,4,4,4,4,4,4,4,4,4,4,4,4
561078843861,36741,4,4,4,4,4,4,4,4,4,4,4,4,4,4,4,4
561078905101,36742,4,4,4,4,4,4,4,4,4,4,4,4,4,4,4,4
561078909752,36743,4,4,4,4,4,4,4,4,4,4,4,4,4,4,4,4
561078925953,36744,4,4,4,4,4,4,4,4,4,4,4,4,4,4,4,4
561078957760,36745,4,4,4,4,4,4,4,4,4,4,4,4,4,4,4,4
561078988716,36746,4,4,4,4,4,4,4,4,4,4,4,4,4,4,4,4
561079018706,36747,4,4,4,4,4,4,4,4,4,4,4,4,4,4,4,4
561079063813,36748,4,4,4,4,4,4,4,4,4,4,4,4,4,4,4,4
561079087594,36749,4,4,4,4,4,4,4,4,4,4,4,4,4,4,4,4
561079117705,36750,4,4,4,4,4,4,4,4,4,4,4,4,4,4,4,4
561079146374,36751,4,4,4,4,4,4,4,4,4,4,4,4,4,4,4,4
561079177625,36752,4,4,4,4,4,4,4,4,4,4,4,4,4,4,4,4
561079221353,36753,4,4,4,4,4,4,4,4,4,4,4,4,4,4,4,4
561079275113,36754,4,4,4,4,4,4,4,4,4,4,4,4,4,4,4,4
561079282277,36755,4,4,4,4,4,4,4,4,4,4,4,4,4,4,4,4
561079301248,36756,4,4,4,4,4,4,4,4,4,4,4,4,4,4,4,4
561079331427,36757,4,4,4,4,4,4,4,4,4,4,4,4,4,4,4,4
561079361188,36758,4,4,4,4,4,4,4,4,4,4,4,4,4,4,4,4
561079396396,36759,4,4,4,4,4,4,4,4,4,4,4,4,4,4,4,4
561079430135,36760,4,4,4,4,4,4,4,4,4,4,4,4,4,4,4,4
561079466390,36761,4,4,4,4,4,4,4,4,4,4,4,4,4,4,4,4
561079497622,36762,4,4,4,4,4,4,4,4,4,4,4,4,4,4,4,4
561079557807,36763,4,4,4,4,4,4,4,4,4,4,4,4,4,4,4,4
561079562085,36764,4,4,4,4,4,4,4,4,4,4,4,4,4,4,4,4
561079586235,36765,4,4,4,4,4,4,4,4,4,4,4,4,4,4,4,4
561079653882,36766,4,4,4,4,4,4,4,4,4,4,4,4,4,4,4,4
561079663674,36767,4,4,4,4,4,4,4,4,4,4,4,4,4,4,4,4
561079681905,36768,4,4,4,4,4,4,4,4,4,4,4,4,4,4,4,4
561079718500,36769,4,4,4,4,4,4,4,4,4,4,4,4,4,4,4,4
561079745190,36770,4,4,4,4,4,4,4,4,4,4,4,4,4,4,4,4
561079768225,36771,4,4,4,4,4,4,4,4,4,4,4,4,4,4,4,4
561079801055,36772,4,4,4,4,4,4,4,4,4,4,4,4,4,4,4,4
561079833570,36773,4,4,4,4,4,4,4,4,4,4,4,4,4,4,4,4
561079871390,36774,4,4,4,4,4,4,4,4,4,4,4,4,4,4,4,4
561079927509,36775,4,4,4,4,4,4,4,4,4,4,4,4,4,4,4,4
561079935957,36776,4,4,4,4,4,4,4,4,4,4,4,4,4,4,4,4
561080027536,36777,4,4,4,4,4,4,4,4,4,4,4,4,4,4,4,4
561080062646,36778,4,4,4,4,4,4,4,4,4,4,4,4,4,4,4,4
561080072667,36779,4,4,4,4,4,4,4,4,4,4,4,4,4,4,4,4
561080080946,36780,4,4,4,4,4,4,4,4,4,4,4,4,4,4,4,4
561080094886,36781,4,4,4,4,4,4,4,4,4,4,4,4,4,4,4,4
561080118652,36782,4,4,4,4,4,4,4,4,4,4,4,4,4,4,4,4
561080148325,36783,4,4,4,4,4,4,4,4,4,4,4,4,4,4,4,4
561080178384,36784,4,4,4,4,4,4,4,4,4,4,4,4,4,4,4,4
561080236843,36785,4,4,4,4,4,4,4,4,4,4,4,4,4,4,4,4
561080248634,36786,4,4,4,4,4,4,4,4,4,4,4,4,4,4,4,4
561080279927,36787,4,4,4,4,4,4,4,4,4,4,4,4,4,4,4,4
561080308661,36788,4,4,4,4,4,4,4,4,4,4,4,4,4,4,4,4
561080387584,36789,4,4,4,4,4,4,4,4,4,4,4,4,4,4,4,4
561080395126,36790,4,4,4,4,4,4,4,4,4,4,4,4,4,4,4,4
561080404965,36791,4,4,4,4,4,4,4,4,4,4,4,4,4,4,4,4
561080433655,36792,4,4,4,4,4,4,4,4,4,4,4,4,4,4,4,4
561080503759,36793,4,4,4,4,4,4,4,4,4,4,4,4,4,4,4,4
561080512345,36794,4,4,4,4,4,4,4,4,4,4,4,4,4,4,4,4
561080521052,36795,4,4,4,4,4,4,4,4,4,4,4,4,4,4,4,4
561080551053,36796,4,4,4,4,4,4,4,4,4,4,4,4,4,4,4,4
561080579950,36797,4,4,4,4,4,4,4,4,4,4,4,4,4,4,4,4
561080609868,36798,4,4,4,4,4,4,4,4,4,4,4,4,4,4,4,4
561080668891,36799,4,4,4,4,4,4,4,4,4,4,4,4,4,4,4,4
561080686095,36800,4,4,4,4,4,4,4,4,4,4,4,4,4,4,4,4
561080765119,36801,4,4,4,4,4,4,4,4,4,4,4,4,4,4,4,4
561080772353,36802,4,4,4,4,4,4,4,4,4,4,4,4,4,4,4,4
561080787587,36803,4,4,4,4,4,4,4,4,4,4,4,4,4,4,4,4
561080806305,36804,1,2,2,1,1,1,1,3,2,1,1,1,3,2,2,2
561080838779,36805,1,2,2,1,1,1,1,3,2,1,1,1,3,2,2,2
561080868763,36806,1,2,2,1,1,1,1,3,2,1,1,1,3,2,2,2
561080901377,36807,1,2,2,1,1,1,1,3,2,1,1,1,3,2,2,2
561080934098,36808,1,2,2,1,1,1,1,3,2,1,1,1,3,2,2,2
561080963784,36809,1,2,2,1,1,1,1,3,2,1,1,1,3,2,2,2
561080994024,36810,1,2,2,1,1,1,1,3,2,1,1,1,3,2,2,2
561081016082,36811,1,2,2,1,1,1,1,3,2,1,1,1,3,2,2,2
561081053652,36812,1,2,2,1,1,1,1,3,2,1,1,1,3,2,2,2
561081127632,36813,1,2,2,1,1,1,1,3,2,1,1,1,3,2,2,2
561081138854,36814,1,2,2,1,1,1,1,3,2,1,1,1,3,2,2,2
561081160124,36815,1,2,2,1,1,1,1,3,2,1,1,1,3,2,2,2
561081181222,36816,1,2,2,1,1,1,1,3,2,1,1,1,3,2,2,2
561081213767,36817,1,2,2,1,1,1,1,3,2,1,1,1,3,2,2,2
561081245113,36818,1,2,2,1,1,1,1,3,2,1,1,1,3,2,2,2
561081273803,36819,1,2,2,1,1,1,1,3,2,1,1,1,3,2,2,2
561081316059,36820,1,2,2,1,1,1,1,3,2,1,1,1,3,2,2,2
561081334296,36821,1,2,2,1,1,1,1,3,2,1,1,1,3,2,2,2
561081363339,36822,1,2,2,1,1,1,1,3,2,1,1,1,3,2,2,2
561081419227,36823,1,2,2,1,1,1,1,3,2,1,1,1,3,2,2,2
561081427349,36824,1,2,2,1,1,1,1,3,2,1,1,1,3,2,2,2
561081485154,36825,1,2,2,1,1,1,1,3,2,1,1,1,3,2,2,2
561081493608,36826,1,2,2,1,1,1,1,3,2,1,1,1,3,2,2,2
561081523848,36827,1,2,2,1,1,1,1,3,2,1,1,1,3,2,2,2
561081553864,36828,1,2,2,1,1,1,1,3,2,1,1,1,3,2,2,2
561081585137,36829,1,2,2,1,1,1,1,3,2,1,1,1,3,2,2,2
561081618593,36830,1,2,2,1,1,1,1,3,2,1,1,1,3,2,2,2
561081655067,36831,1,2,2,1,1,1,1,3,2,1,1,1,3,2,2,2
561081688748,36832,1,2,2,1,1,1,1,3,2,1,1,1,3,2,2,2
561081715021,36833,1,2,2,1,1,1,1,3,2,1,1,1,3,2,2,2
561081740662,36834,1,2,2,1,1,1,1,3,2,1,1,1,3,2,2,2
561081771184,36835,1,2,2,1,1,1,1,3,2,1,1,1,3,2,2,2
561081848677,36836,1,2,2,1,1,1,1,3,2,1,1,1,3,2,2,2
561081861420,36837,1,2,2,1,1,1,1,3,2,1,1,1,3,2,2,2
561081869928,36838,1,2,2,1,1,1,1,3,2,1,1,1,3,2,2,2
561081905013,36839,1,2,2,1,1,1,1,3,2,1,1,1,3,2,2,2
561081957594,36840,1,2,2,1,1,1,1,3,2,1,1,1,3,2,2,2
561081964861,36841,1,2,2,1,1,1,1,3,2,1,1,1,3,2,2,2
561081997575,36842,1,2,2,1,1,1,1,3,2,1,1,1,3,2,2,2
561082044642,36843,1,2,2,1,1,1,1,3,2,1,1,1,3,2,2,2
561082054617,36844,1,2,2,1,1,1,1,3,2,1,1,1,3,2,2,2
561082085829,36845,1,2,2,1,1,1,1,3,2,1,1,1,3,2,2,2
561082116474,36846,1,2,2,1,1,1,1,3,2,1,1,1,3,2,2,2
561082151206,36847,1,2,2,1,1,1,1,3,2,1,1,1,3,2,2,2
561082222090,36848,1,2,2,1,1,1,1,3,2,1,1,1,3,2,2,2
561082231195,36849,1,2,2,1,1,1,1,3,2,1,1,1,3,2,2,2
561082243612,36850,1,2,2,1,1,1,1,3,2,1,1,1,3,2,2,2
561082282218,36851,1,2,2,1,1,1,1,3,2,1,1,1,3,2,2,2
561082307588,36852,1,2,2,1,1,1,1,3,2,1,1,1,3,2,2,2
561082343794,36853,1,2,2,1,1,1,1,3,2,1,1,1,3,2,2,2
561082373846,36854,1,2,2,1,1,1,1,3,2,1,1,1,3,2,2,2
561082413848,36855,1,2,2,1,1,1,1,3,2,1,1,1,3,2,2,2
561082436152,36856,1,2,2,1,1,1,1,3,2,1,1,1,3,2,2,2
561082466479,36857,1,2,2,1,1,1,1,3,2,1,1,1,3,2,2,2
561082492534,36858,1,2,2,1,1,1,1,3,2,1,1,1,3,2,2,2
561082521924,36859,1,2,2,1,1,1,1,3,2,1,1,1,3,2,2,2
561082611897,36860,1,2,2,1,1,1,1,3,2,1,1,1,3,2,2,2
561082621199,36861,1,2,2,1,1,1,1,3,2,1,1,1,3,2,2,2
561082628401,36862,1,2,2,1,1,1,1,3,2,1,1,1,3,2,2,2
561082654989,36863,1,2,2,1,1,1,1,3,2,1,1,1,3,2,2,2
561082681144,36864,1,2,2,1,1,1,1,3,2,1,1,1,3,2,2,2
561082712676,36865,1,2,2,1,1,1,1,3,2,1,1,1,3,2,2,2
561082745049,36866,1,2,2,1,1,1,1,3,2,1,1,1,3,2,2,2
561082802773,36867,1,2,2,1,1,1,1,3,2,1,1,1,3,2,2,2
561082809835,36868,1,2,2,1,1,1,1,3,2,1,1,1,3,2,2,2
561082843795,36869,1,1,1,1,1,1,1,1,1,1,1,1,1,1,1,1
561082864337,36870,1,1,1,1,1,1,1,1,1,1,1,1,1,1,1,1
561082896183,36871,1,1,1,1,1,1,1,1,1,1,1,1,1,1,1,1
561082952444,36872,1,1,1,1,1,1,1,1,1,1,1,1,1,1,1,1
561082959741,36873,1,1,1,1,1,1,1,1,1,1,1,1,1,1,1,1
561082993372,36874,1,1,1,1,1,1,1,1,1,1,1,1,1,1,1,1
561083016094,36875,1,1,1,1,1,1,1,1,1,1,1,1,1,1,1,1
561083052680,36876,1,1,1,1,1,1,1,1,1,1,1,1,1,1,1,1
561083112661,36877,1,1,1,1,1,1,1,1,1,1,1,1,1,1,1,1
561083118538,36878,1,1,1,1,1,1,1,1,1,1,1,1,1,1,1,1
561083202719,36879,1,1,1,1,1,1,1,1,1,1,1,1,1,1,1,1
561083238894,36880,1,1,1,1,1,1,1,1,1,1,1,1,1,1,1,1
561083246065,36881,1,1,1,1,1,1,1,1,1,1,1,1,1,1,1,1
561083256047,36882,1,1,1,1,1,1,1,1,1,1,1,1,1,1,1,1
561083316314,36883,1,1,1,1,1,1,1,1,1,1,1,1,1,1,1,1
561083322807,36884,1,1,1,1,1,1,1,1,1,1,1,1,1,1,1,1
561083337495,36885,1,1,1,1,1,1,1,1,1,1,1,1,1,1,1,1
561083367125,36886,1,1,1,1,1,1,1,1,1,1,1,1,1,1,1,1
561083397128,36887,1,1,1,1,1,1,1,1,1,1,1,1,1,1,1,1
561083431369,36888,1,1,1,1,1,1,1,1,1,1,1,1,1,1,1,1
561083466378,36889,1,1,1,1,1,1,1,1,1,1,1,1,1,1,1,1
561083490171,36890,1,1,1,1,1,1,1,1,1,1,1,1,1,1,1,1
561083521214,36891,1,1,1,1,1,1,1,1,1,1,1,1,1,1,1,1
561083554748,36892,1,1,1,1,1,1,1,1,1,1,1,1,1,1,1,1
561083584991,36893,1,1,1,1,1,1,1,1,1,1,1,1,1,1,1,1
561083617567,36894,1,1,1,1,1,1,1,1,1,1,1,1,1,1,1,1
561083681344,36895,1,1,1,1,1,1,1,1,1,1,1,1,1,1,1,1
561083686004,36896,1,1,1,1,1,1,1,1,1,1,1,1,1,1,1,1
561083703060,36897,1,1,1,1,1,1,1,1,1,1,1,1,1,1,1,1
561083734867,36898,1,1,1,1,1,1,1,1,1,1,1,1,1,1,1,1
561083767417,36899,1,1,1,1,1,1,1,1,1,1,1,1,1,1,1,1
561083797449,36900,1,1,1,1,1,1,1,1,1,1,1,1,1,1,1,1
561083837423,36901,1,1,1,1,1,1,1,1,1,1,1,1,1,1,1,1
561083875104,36902,1,1,1,1,1,1,1,1,1,1,1,1,1,1,1,1
561083898823,36903,1,1,1,1,1,1,1,1,1,1,1,1,1,1,1,1
561083930147,36904,1,1,1,1,1,1,1,1,1,1,1,1,1,1,1,1
561083961397,36905,1,1,1,1,1,1,1,1,1,1,1,1,1,1,1,1
561083991353,36906,1,1,1,1,1,1,1,1,1,1,1,1,1,1,1,1
561084059940,36907,1,1,1,1,1,1,1,1,1,1,1,1,1,1,1,1
561084068821,36908,1,1,1,1,1,1,1,1,1,1,1,1,1,1,1,1
561084093729,36909,1,1,1,1,1,1,1,1,1,1,1,1,1,1,1,1
561084121461,36910,1,1,1,1,1,1,1,1,1,1,1,1,1,1,1,1
561084148111,36911,1,1,1,1,1,1,1,1,1,1,1,1,1,1,1,1
561084179626,36912,1,1,1,1,1,1,1,1,1,1,1,1,1,1,1,1
561084210006,36913,1,1,1,1,1,1,1,1,1,1,1,1,1,1,1,1
561084244018,36914,1,1,1,1,1,1,1,1,1,1,1,1,1,1,1,1
561084276389,36915,1,1,1,1,1,1,1,1,1,1,1,1,1,1,1,1
561084305190,36916,1,1,1,1,1,1,1,1,1,1,1,1,1,1,1,1
561084337451,36917,1,1,1,1,1,1,1,1,1,1,1,1,1,1,1,1
561084370215,36918,1,1,1,1,1,1,1,1,1,1,1,1,1,1,1,1
561084423593,36919,1,1,1,1,1,1,1,1,1,1,1,1,1,1,1,1
561084434820,36920,1,1,1,1,1,1,1,1,1,1,1,1,1,1,1,1
561084496659,36921,1,1,1,1,1,1,1,1,1,1,1,1,1,1,1,1
561084514072,36922,1,1,1,1,1,1,1,1,1,1,1,1,1,1,1,1
561084521907,36923,1,1,1,1,1,1,1,1,1,1,1,1,1,1,1,1
561084554520,36924,1,1,1,1,1,1,1,1,1,1,1,1,1,1,1,1
561084584615,36925,1,1,1,1,1,1,1,1,1,1,1,1,1,1,1,1
561084614989,36926,1,1,1,1,1,1,1,1,1,1,1,1,1,1,1,1
561084647632,36927,1,1,1,1,1,1,1,1,1,1,1,1,1,1,1,1
561084683939,36928,1,1,1,1,1,1,1,1,1,1,1,1,1,1,1,1
561084708754,36929,1,1,1,1,1,1,1,1,1,1,1,1,1,1,1,1
561084761169,36930,1,1,1,1,1,1,1,1,1,1,1,1,1,1,1,1
561084789980,36931,1,1,1,1,1,1,1,1,1,1,1,1,1,1,1,1
561084810023,36932,1,1,1,1,1,1,1,1,1,1,1,1,1,1,1,1
561084838755,36933,1,1,1,1,1,1,1,1,1,1,1,1,1,1,1,1
561084872862,36934,1,1,1,1,1,1,1,1,1,1,1,1,1,1,1,1
561084900653,36935,1,1,1,1,1,1,1,1,1,1,1,1,1,1,1,1
561084939370,36936,1,1,1,1,1,1,1,1,1,1,1,1,1,1,1,1
561084960143,36937,1,1,1,1,1,1,1,1,1,1,1,1,1,1,1,1
561084992163,36938,1,1,1,1,1,1,1,1,1,1,1,1,1,1,1,1
561085023363,36939,1,1,1,1,1,1,1,1,1,1,1,1,1,1,1,1
561085052639,36940,1,1,1,1,1,1,1,1,1,1,1,1,1,1,1,1
561085086387,36941,1,1,1,1,1,1,1,1,1,1,1,1,1,1,1,1
561085187636,36942,1,1,1,1,1,1,1,1,1,1,1,1,1,1,1,1
561085198492,36943,1,1,1,1,1,1,1,1,1,1,1,1,1,1,1,1
561085208690,36944,1,1,1,1,1,1,1,1,1,1,1,1,1,1,1,1
561085216057,36945,1,1,1,1,1,1,1,1,1,1,1,1,1,1,1,1
561085272410,36946,1,1,1,1,1,1,1,1,1,1,1,1,1,1,1,1
561085276634,36947,1,1,1,1,1,1,1,1,1,1,1,1,1,1,1,1
561085305583,36948,1,1,1,1,1,1,1,1,1,1,1,1,1,1,1,1
561085330416,36949,1,1,1,1,1,1,1,1,1,1,1,1,1,1,1,1
561085361198,36950,1,1,1,1,1,1,1,1,1,1,1,1,1,1,1,1
561085392462,36951,1,1,1,1,1,1,1,1,1,1,1,1,1,1,1,1
561085440225,36952,1,1,1,1,1,1,1,1,1,1,1,1,1,1,1,1
561085472731,36953,1,1,1,1,1,1,1,1,1,1,1,1,1,1,1,1
561085523984,36954,1,1,1,1,1,1,1,1,1,1,1,1,1,1,1,1
561085535163,36955,1,1,1,1,1,1,1,1,1,1,1,1,1,1,1,1
561085554602,36956,1,1,1,1,1,1,1,1,1,1,1,1,1,1,1,1
561085584818,36957,1,1,1,1,1,1,1,1,1,1,1,1,1,1,1,1
561085633815,36958,1,1,1,1,1,1,1,1,1,1,1,1,1,1,1,1
561085651323,36959,1,1,1,1,1,1,1,1,1,1,1,1,1,1,1,1
561085680485,36960,1,1,1,1,1,1,1,1,1,1,1,1,1,1,1,1
561085710642,36961,1,1,1,1,1,1,1,1,1,1,1,1,1,1,1,1
561085741974,36962,1,1,1,1,1,1,1,1,1,1,1,1,1,1,1,1
561085794327,36963,1,1,1,1,1,1,1,1,1,1,1,1,1,1,1,1
561085802142,36964,1,1,1,1,1,1,1,1,1,1,1,1,1,1,1,1
561085836424,36965,1,1,1,1,1,1,1,1,1,1,1,1,1,1,1,1
561085890192,36966,1,1,1,1,1,1,1,1,1,1,1,1,1,1,1,1
561085900181,36967,1,1,1,1,1,1,1,1,1,1,1,1,1,1,1,1
561085932632,36968,1,1,1,1,1,1,1,1,1,1,1,1,1,1,1,1
561085962617,36969,1,1,1,1,1,1,1,1,1,1,1,1,1,1,1,1
561086002587,36970,1,1,1,1,1,1,1,1,1,1,1,1,1,1,1,1
561086030109,36971,1,1,1,1,1,1,1,1,1,1,1,1,1,1,1,1
561086070080,36972,1,1,1,1,1,1,1,1,1,1,1,1,1,1,1,1
561086085324,36973,1,1,1,1,1,1,1,1,1,1,1,1,1,1,1,1
561086115941,36974,1,1,1,1,1,1,1,1,1,1,1,1,1,1,1,1
561086149732,36975,1,1,1,1,1,1,1,1,1,1,1,1,1,1,1,1
561086181402,36976,1,1,1,1,1,1,1,1,1,1,1,1,1,1,1,1
561086203390,36977,1,1,1,1,1,1,1,1,1,1,1,1,1,1,1,1
561086263933,36978,1,1,1,1,1,1,1,1,1,1,1,1,1,1,1,1
561086276455,36979,1,1,1,1,1,1,1,1,1,1,1,1,1,1,1,1
561086307585,36980,1,1,1,1,1,1,1,1,1,1,1,1,1,1,1,1
561086336384,36981,1,1,1,1,1,1,1,1,1,1,1,1,1,1,1,1
561086368866,36982,1,1,1,1,1,1,1,1,1,1,1,1,1,1,1,1
561086401376,36983,1,1,1,1,1,1,1,1,1,1,1,1,1,1,1,1
561086436269,36984,1,1,1,1,1,1,1,1,1,1,1,1,1,1,1,1
561086468628,36985,1,1,1,1,1,1,1,1,1,1,1,1,1,1,1,1
561086520769,36986,1,1,1,1,1,1,1,1,1,1,1,1,1,1,1,1
561086526146,36987,1,1,1,1,1,1,1,1,1,1,1,1,1,1,1,1
561086557072,36988,1,1,1,1,1,1,1,1,1,1,1,1,1,1,1,1
561086622099,36989,1,1,1,1,1,1,1,1,1,1,1,1,1,1,1,1
561086631126,36990,1,1,1,1,1,1,1,1,1,1,1,1,1,1,1,1
561086653997,36991,1,1,1,1,1,1,1,1,1,1,1,1,1,1,1,1
561086676339,36992,1,1,1,1,1,1,1,1,1,1,1,1,1,1,1,1
561086708856,36993,1,1,1,1,1,1,1,1,1,1,1,1,1,1,1,1
561086747369,36994,1,1,1,1,1,1,1,1,1,1,1,1,1,1,1,1
561086778922,36995,1,1,1,1,1,1,1,1,1,1,1,1,1,1,1,1
561086822372,36996,1,1,1,1,1,1,1,1,1,1,1,1,1,1,1,1
561086837387,36997,1,1,1,1,1,1,1,1,1,1,1,1,1,1,1,1
561086866548,36998,1,1,1,1,1,1,1,1,1,1,1,1,1,1,1,1
561086897972,36999,1,1,1,1,1,1,1,1,1,1,1,1,1,1,1,1
561086930786,37000,1,1,1,1,1,1,1,1,1,1,1,1,1,1,1,1
561086994632,37001,1,1,1,1,1,1,1,1,1,1,1,1,1,1,1,1
561087003664,37002,1,1,1,1,1,1,1,1,1,1,1,1,1,1,1,1
561087024332,37003,1,1,1,1,1,1,1,1,1,1,1,1,1,1,1,1
561087073946,37004,1,1,1,1,1,1,1,1,1,1,1,1,1,1,1,1
561087086440,37005,1,1,1,1,1,1,1,1,1,1,1,1,1,1,1,1
561087118806,37006,1,1,1,1,1,1,1,1,1,1,1,1,1,1,1,1
561087152644,37007,1,1,1,1,1,1,1,1,1,1,1,1,1,1,1,1
561087207579,37008,1,1,1,1,1,1,1,1,1,1,1,1,1,1,1,1
561087212309,37009,1,1,1,1,1,1,1,1,1,1,1,1,1,1,1,1
561087246099,37010,1,1,1,1,1,1,1,1,1,1,1,1,1,1,1,1
561087269391,37011,1,1,1,1,1,1,1,1,1,1,1,1,1,1,1,1
561087299982,37012,1,1,1,1,1,1,1,1,1,1,1,1,1,1,1,1
561087367514,37013,1,1,1,1,1,1,1,1,1,1,1,1,1,1,1,1
561087376185,37014,1,1,1,1,1,1,1,1,1,1,1,1,1,1,1,1
561087391816,37015,1,1,1,1,1,1,1,1,1,1,1,1,1,1,1,1
561087437691,37016,1,1,1,1,1,1,1,1,1,1,1,1,1,1,1,1
561087460090,37017,1,1,1,1,1,1,1,1,1,1,1,1,1,1,1,1
561087490151,37018,1,1,1,1,1,1,1,1,1,1,1,1,1,1,1,1
561087545073,37019,1,1,1,1,1,1,1,1,1,1,1,1,1,1,1,1
561087551103,37020,1,1,1,1,1,1,1,1,1,1,1,1,1,1,1,1
561087588920,37021,1,1,1,1,1,1,1,1,1,1,1,1,1,1,1,1
561087620015,37022,1,1,1,1,1,1,1,1,1,1,1,1,1,1,1,1
561087641909,37023,1,1,1,1,1,1,1,1,1,1,1,1,1,1,1,1
561087672477,37024,1,1,1,1,1,1,1,1,1,1,1,1,1,1,1,1
561087749777,37025,1,1,1,1,1,1,1,1,1,1,1,1,1,1,1,1
561087776126,37026,1,1,1,1,1,1,1,1,1,1,1,1,1,1,1,1
561087785018,37027,1,1,1,1,1,1,1,1,1,1,1,1,1,1,1,1
561087812152,37028,1,1,1,1,1,1,1,1,1,1,1,1,1,1,1,1
561087838919,37029,1,1,1,1,1,1,1,1,1,1,1,1,1,1,1,1
561087870179,37030,1,1,1,1,1,1,1,1,1,1,1,1,1,1,1,1
561087906337,37031,1,1,1,1,1,1,1,1,1,1,1,1,1,1,1,1
561087935094,37032,1,1,1,1,1,1,1,1,1,1,1,1,1,1,1,1
561087970084,37033,1,1,1,1,1,1,1,1,1,1,1,1,1,1,1,1
561087991050,37034,1,1,1,1,1,1,1,1,1,1,1,1,1,1,1,1
561088025073,37035,1,1,1,1,1,1,1,1,1,1,1,1,1,1,1,1
561088095496,37036,1,1,1,1,1,1,1,1,1,1,1,1,1,1,1,1
561088103643,37037,1,1,1,1,1,1,1,1,1,1,1,1,1,1,1,1
561088113634,37038,1,1,1,1,1,1,1,1,1,1,1,1,1,1,1,1
561088143569,37039,1,1,1,1,1,1,1,1,1,1,1,1,1,1,1,1
561088173942,37040,1,1,1,1,1,1,1,1,1,1,1,1,1,1,1,1
561088204264,37041,1,1,1,1,1,1,1,1,1,1,1,1,1,1,1,1
561088242700,37042,1,1,1,1,1,1,1,1,1,1,1,1,1,1,1,1
561088275136,37043,1,1,1,1,1,1,1,1,1,1,1,1,1,1,1,1
561088303934,37044,1,1,1,1,1,1,1,1,1,1,1,1,1,1,1,1
561088362619,37045,1,1,1,1,1,1,1,1,1,1,1,1,1,1,1,1
561088367319,37046,1,1,1,1,1,1,1,1,1,1,1,1,1,1,1,1
561088473821,37047,1,1,1,1,1,1,1,1,1,1,1,1,1,1,1,1
561088484945,37048,1,1,1,1,1,1,1,1,1,1,1,1,1,1,1,1
561088494861,37049,1,1,1,1,1,1,1,1,1,1,1,1,1,1,1,1
561088504262,37050,1,1,1,1,1,1,1,1,1,1,1,1,1,1,1,1
561088528599,37051,1,1,1,1,1,1,1,1,1,1,1,1,1,1,1,1
561088550066,37052,1,1,1,1,1,1,1,1,1,1,1,1,1,1,1,1
561088582334,37053,1,1,1,1,1,1,1,1,1,1,1,1,1,1,1,1
561088616159,37054,1,1,1,1,1,1,1,1,1,1,1,1,1,1,1,1
561088647619,37055,1,1,1,1,1,1,1,1,1,1,1,1,1,1,1,1
561088677681,37056,1,1,1,1,1,1,1,1,1,1,1,1,1,1,1,1
561088728782,37057,1,1,1,1,1,1,1,1,1,1,1,1,1,1,1,1
561088745988,37058,1,1,1,1,1,1,1,1,1,1,1,1,1,1,1,1
561088778677,37059,1,1,1,1,1,1,1,1,1,1,1,1,1,1,1,1
561088831354,37060,1,1,1,1,1,1,1,1,1,1,1,1,1,1,1,1
561088840070,37061,1,1,1,1,1,1,1,1,1,1,1,1,1,1,1,1
561088862869,37062,1,1,1,1,1,1,1,1,1,1,1,1,1,1,1,1
561088893082,37063,1,1,1,1,1,1,1,1,1,1,1,1,1,1,1,1
561088928724,37064,1,1,1,1,1,1,1,1,1,1,1,1,1,1,1,1
561088958693,37065,1,1,1,1,1,1,1,1,1,1,1,1,1,1,1,1
561089000201,37066,1,1,1,1,1,1,1,1,1,1,1,1,1,1,1,1
561089021052,37067,1,1,1,1,1,1,1,1,1,1,1,1,1,1,1,1
561089053887,37068,1,1,1,1,1,1,1,1,1,1,1,1,1,1,1,1
561089083981,37069,1,1,1,1,1,1,1,1,1,1,1,1,1,1,1,1
561089115115,37070,1,1,1,1,1,1,1,1,1,1,1,1,1,1,1,1
561089178839,37071,1,1,1,1,1,1,1,1,1,1,1,1,1,1,1,1
561089216313,37072,1,1,1,1,1,1,1,1,1,1,1,1,1,1,1,1
561089222309,37073,1,1,1,1,1,1,1,1,1,1,1,1,1,1,1,1
561089250742,37074,1,1,1,1,1,1,1,1,1,1,1,1,1,1,1,1
561089270513,37075,1,1,1,1,1,1,1,1,1,1,1,1,1,1,1,1
561089300976,37076,1,1,1,1,1,1,1,1,1,1,1,1,1,1,1,1
561089332516,37077,1,1,1,1,1,1,1,1,1,1,1,1,1,1,1,1
561089366211,37078,1,1,1,1,1,1,1,1,1,1,1,1,1,1,1,1
561089398895,37079,1,1,1,1,1,1,1,1,1,1,1,1,1,1,1,1
561089430222,37080,1,1,1,1,1,1,1,1,1,1,1,1,1,1,1,1
561089463921,37081,1,1,1,1,1,1,1,1,1,1,1,1,1,1,1,1
561089496391,37082,1,1,1,1,1,1,1,1,1,1,1,1,1,1,1,1
561089563934,37083,1,1,1,1,1,1,1,1,1,1,1,1,1,1,1,1
561089576369,37084,1,1,1,1,1,1,1,1,1,1,1,1,1,1,1,1
561089595101,37085,1,1,1,1,1,1,1,1,1,1,1,1,1,1,1,1
561089637412,37086,1,1,1,1,1,1,1,1,1,1,1,1,1,1,1,1
561089644557,37087,1,1,1,1,1,1,1,1,1,1,1,1,1,1,1,1
561089677080,37088,1,1,1,1,1,1,1,1,1,1,1,1,1,1,1,1
561089710001,37089,1,1,1,1,1,1,1,1,1,1,1,1,1,1,1,1
561089740001,37090,1,1,1,1,1,1,1,1,1,1,1,1,1,1,1,1
561089771060,37091,1,1,1,1,1,1,1,1,1,1,1,1,1,1,1,1
561089806753,37092,1,1,1,1,1,1,1,1,1,1,1,1,1,1,1,1
561089843945,37093,1,1,1,1,1,1,1,1,1,1,1,1,1,1,1,1
561089867756,37094,1,1,1,1,1,1,1,1,1,1,1,1,1,1,1,1
561089945204,37095,1,1,1,1,1,1,1,1,1,1,1,1,1,1,1,1
561089956399,37096,1,1,1,1,1,1,1,1,1,1,1,1,1,1,1,1
561089964824,37097,1,1,1,1,1,1,1,1,1,1,1,1,1,1,1,1
561089996206,37098,1,1,1,1,1,1,1,1,1,1,1,1,1,1,1,1
561090027449,37099,1,1,1,1,1,1,1,1,1,1,1,1,1,1,1,1
561090056623,37100,1,1,1,1,1,1,1,1,1,1,1,1,1,1,1,1
561090078511,37101,1,1,1,1,1,1,1,1,1,1,1,1,1,1,1,1
561090111273,37102,1,1,1,1,1,1,1,1,1,1,1,1,1,1,1,1
561090151312,37103,1,1,1,1,1,1,1,1,1,1,1,1,1,1,1,1
561090182844,37104,1,1,1,1,1,1,1,1,1,1,1,1,1,1,1,1
561090211917,37105,1,1,1,1,1,1,1,1,1,1,1,1,1,1,1,1
561090312666,37106,1,1,1,1,1,1,1,1,1,1,1,1,1,1,1,1
561090326434,37107,1,1,1,1,1,1,1,1,1,1,1,1,1,1,1,1
561090334857,37108,1,1,1,1,1,1,1,1,1,1,1,1,1,1,1,1
561090347512,37109,1,1,1,1,1,1,1,1,1,1,1,1,1,1,1,1
561090371330,37110,1,1,1,1,1,1,1,1,1,1,1,1,1,1,1,1
561090399946,37111,1,1,1,1,1,1,1,1,1,1,1,1,1,1,1,1
561090432167,37112,1,1,1,1,1,1,1,1,1,1,1,1,1,1,1,1
561090462525,37113,1,1,1,1,1,1,1,1,1,1,1,1,1,1,1,1
561090492099,37114,1,1,1,1,1,1,1,1,1,1,1,1,1,1,1,1
561090523885,37115,1,1,1,1,1,1,1,1,1,1,1,1,1,1,1,1
561090579517,37116,1,1,1,1,1,1,1,1,1,1,1,1,1,1,1,1
561090588511,37117,1,1,1,1,1,1,1,1,1,1,1,1,1,1,1,1
561090616866,37118,1,1,1,1,1,1,1,1,1,1,1,1,1,1,1,1
561090678913,37119,1,1,1,1,1,1,1,1,1,1,1,1,1,1,1,1
561090690126,37120,1,1,1,1,1,1,1,1,1,1,1,1,1,1,1,1
561090712559,37121,1,1,1,1,1,1,1,1,1,1,1,1,1,1,1,1
561090752606,37122,1,1,1,1,1,1,1,1,1,1,1,1,1,1,1,1
561090771292,37123,1,1,1,1,1,1,1,1,1,1,1,1,1,1,1,1
561090802480,37124,1,1,1,1,1,1,1,1,1,1,1,1,1,1,1,1
561090832493,37125,1,1,1,1,1,1,1,1,1,1,1,1,1,1,1,1
561090916404,37126,1,1,1,1,1,1,1,1,1,1,1,1,1,1,1,1
561090923491,37127,1,1,1,1,1,1,1,1,1,1,1,1,1,1,1,1
561090932448,37128,1,1,1,1,1,1,1,1,1,1,1,1,1,1,1,1
561090964909,37129,1,1,1,1,1,1,1,1,1,1,1,1,1,1,1,1
561091038780,37130,1,1,1,1,1,1,1,1,1,1,1,1,1,1,1,1
561091045460,37131,1,1,1,1,1,1,1,1,1,1,1,1,1,1,1,1
561091057367,37132,1,1,1,1,1,1,1,1,1,1,1,1,1,1,1,1
561091085021,37133,1,1,1,1,1,1,1,1,1,1,1,1,1,1,1,1
561091116335,37134,1,1,1,1,1,1,1,1,1,1,1,1,1,1,1,1
561091147632,37135,1,1,1,1,1,1,1,1,1,1,1,1,1,1,1,1
561091178843,37136,1,1,1,1,1,1,1,1,1,1,1,1,1,1,1,1
561091210100,37137,1,1,1,1,1,1,1,1,1,1,1,1,1,1,1,1
561091239777,37138,1,1,1,1,1,1,1,1,1,1,1,1,1,1,1,1
561091273798,37139,1,1,1,1,1,1,1,1,1,1,1,1,1,1,1,1
561091306420,37140,1,1,1,1,1,1,1,1,1,1,1,1,1,1,1,1
561091396064,37141,1,1,1,1,1,1,1,1,1,1,1,1,1,1,1,1
561091413629,37142,1,1,1,1,1,1,1,1,1,1,1,1,1,1,1,1
561091422392,37143,1,1,1,1,1,1,1,1,1,1,1,1,1,1,1,1
561091438743,37144,1,1,1,1,1,1,1,1,1,1,1,1,1,1,1,1
561091458634,37145,1,1,1,1,1,1,1,1,1,1,1,1,1,1,1,1
561091490082,37146,1,1,1,1,1,1,1,1,1,1,1,1,1,1,1,1
561091521448,37147,1,1,1,1,1,1,1,1,1,1,1,1,1,1,1,1
561091555193,37148,1,1,1,1,1,1,1,1,1,1,1,1,1,1,1,1
561091586347,37149,1,1,1,1,1,1,1,1,1,1,1,1,1,1,1,1
561091615988,37150,1,1,1,1,1,1,1,1,1,1,1,1,1,1,1,1
561091645693,37151,1,1,1,1,1,1,1,1,1,1,1,1,1,1,1,1
561091681006,37152,1,1,1,1,1,1,1,1,1,1,1,1,1,1,1,1
561091712392,37153,1,1,1,1,1,1,1,1,1,1,1,1,1,1,1,1
561091766538,37154,1,1,1,1,1,1,1,1,1,1,1,1,1,1,1,1
561091770646,37155,1,1,1,1,1,1,1,1,1,1,1,1,1,1,1,1
561091811295,37156,1,1,1,1,1,1,1,1,1,1,1,1,1,1,1,1
561091838885,37157,1,1,1,1,1,1,1,1,1,1,1,1,1,1,1,1
561091876137,37158,1,1,1,1,1,1,1,1,1,1,1,1,1,1,1,1
561091901365,37159,1,1,1,1,1,1,1,1,1,1,1,1,1,1,1,1
561091931364,37160,1,1,1,1,1,1,1,1,1,1,1,1,1,1,1,1
561091962649,37161,1,1,1,1,1,1,1,1,1,1,1,1,1,1,1,1
561091991315,37162,1,1,1,1,1,1,1,1,1,1,1,1,1,1,1,1
561092024397,37163,1,1,1,1,1,1,1,1,1,1,1,1,1,1,1,1
561092054715,37164,1,1,1,1,1,1,1,1,1,1,1,1,1,1,1,1
561092084307,37165,1,1,1,1,1,1,1,1,1,1,1,1,1,1,1,1
561092151117,37166,1,1,1,1,1,1,1,1,1,1,1,1,1,1,1,1
561092159858,37167,1,1,1,1,1,1,1,1,1,1,1,1,1,1,1,1
561092200886,37168,1,1,1,1,1,1,1,1,1,1,1,1,1,1,1,1
561092212690,37169,1,1,1,1,1,1,1,1,1,1,1,1,1,1,1,1
561092244978,37170,1,1,1,1,1,1,1,1,1,1,1,1,1,1,1,1
561092280278,37171,1,1,1,1,1,1,1,1,1,1,1,1,1,1,1,1
561092310132,37172,1,1,1,1,1,1,1,1,1,1,1,1,1,1,1,1
561092338918,37173,1,1,1,1,1,1,1,1,1,1,1,1,1,1,1,1
561092368887,37174,1,1,1,1,1,1,1,1,1,1,1,1,1,1,1,1
561092400043,37175,1,1,1,1,1,1,1,1,1,1,1,1,1,1,1,1
561092431312,37176,1,1,1,1,1,1,1,1,1,1,1,1,1,1,1,1
561092500113,37177,1,1,1,1,1,1,1,1,1,1,1,1,1,1,1,1
561092523724,37178,1,1,1,1,1,1,1,1,1,1,1,1,1,1,1,1
561092532286,37179,1,1,1,1,1,1,1,1,1,1,1,1,1,1,1,1
561092552407,37180,1,1,1,1,1,1,1,1,1,1,1,1,1,1,1,1
561092584677,37181,1,1,1,1,1,1,1,1,1,1,1,1,1,1,1,1
561092615817,37182,1,1,1,1,1,1,1,1,1,1,1,1,1,1,1,1
561092651503,37183,1,1,1,1,1,1,1,1,1,1,1,1,1,1,1,1
561092678955,37184,1,1,1,1,1,1,1,1,1,1,1,1,1,1,1,1
561092710190,37185,1,1,1,1,1,1,1,1,1,1,1,1,1,1,1,1
561092741351,37186,1,1,1,1,1,1,1,1,1,1,1,1,1,1,1,1
561092775038,37187,1,1,1,1,1,1,1,1,1,1,1,1,1,1,1,1
561092860026,37188,1,1,1,1,1,1,1,1,1,1,1,1,1,1,1,1
561092883602,37189,1,1,1,1,1,1,1,1,1,1,1,1,1,1,1,1
561092895021,37190,1,1,1,1,1,1,1,1,1,1,1,1,1,1,1,1
561092901830,37191,1,1,1,1,1,1,1,1,1,1,1,1,1,1,1,1
561092932889,37192,1,1,1,1,1,1,1,1,1,1,1,1,1,1,1,1
561092964170,37193,1,1,1,1,1,1,1,1,1,1,1,1,1,1,1,1
561092995499,37194,1,1,1,1,1,1,1,1,1,1,1,1,1,1,1,1
561093016672,37195,1,1,1,1,1,1,1,1,1,1,1,1,1,1,1,1
561093056508,37196,1,1,1,1,1,1,1,1,1,1,1,1,1,1,1,1
561093086493,37197,1,1,1,1,1,1,1,1,1,1,1,1,1,1,1,1
561093120162,37198,1,1,1,1,1,1,1,1,1,1,1,1,1,1,1,1
561093150147,37199,1,1,1,1,1,1,1,1,1,1,1,1,1,1,1,1
561093181381,37200,1,1,1,1,1,1,1,1,1,1,1,1,1,1,1,1
561093243786,37201,1,1,1,1,1,1,1,1,1,1,1,1,1,1,1,1
561093255049,37202,1,1,1,1,1,1,1,1,1,1,1,1,1,1,1,1
561093277188,37203,1,1,1,1,1,1,1,1,1,1,1,1,1,1,1,1
561093307868,37204,1,1,1,1,1,1,1,1,1,1,1,1,1,1,1,1
561093338414,37205,1,1,1,1,1,1,1,1,1,1,1,1,1,1,1,1
561093367444,37206,1,1,1,1,1,1,1,1,1,1,1,1,1,1,1,1
561093397223,37207,1,1,1,1,1,1,1,1,1,1,1,1,1,1,1,1
561093427663,37208,1,1,1,1,1,1,1,1,1,1,1,1,1,1,1,1
561093475190,37209,1,1,1,1,1,1,1,1,1,1,1,1,1,1,1,1
561093496216,37210,1,1,1,1,1,1,1,1,1,1,1,1,1,1,1,1
561093527629,37211,1,1,1,1,1,1,1,1,1,1,1,1,1,1,1,1
561093552626,37212,1,1,1,1,1,1,1,1,1,1,1,1,1,1,1,1
561093612141,37213,1,1,1,1,1,1,1,1,1,1,1,1,1,1,1,1
561093614251,37214,1,1,1,1,1,1,1,1,1,1,1,1,1,1,1,1
561093642751,37215,1,1,1,1,1,1,1,1,1,1,1,1,1,1,1,1
561093679833,37216,1,1,1,1,1,1,1,1,1,1,1,1,1,1,1,1
561093709481,37217,1,1,1,1,1,1,1,1,1,1,1,1,1,1,1,1
561093742655,37218,1,1,1,1,1,1,1,1,1,1,1,1,1,1,1,1
561093776331,37219,1,1,1,1,1,1,1,1,1,1,1,1,1,1,1,1
561093813613,37220,1,1,1,1,1,1,1,1,1,1,1,1,1,1,1,1
561093832678,37221,1,1,1,1,1,1,1,1,1,1,1,1,1,1,1,1
561093866447,37222,1,1,1,1,1,1,1,1,1,1,1,1,1,1,1,1
561093900205,37223,1,1,1,1,1,1,1,1,1,1,1,1,1,1,1,1
561093962654,37224,1,1,1,1,1,1,1,1,1,1,1,1,1,1,1,1
561093980199,37225,1,1,1,1,1,1,1,1,1,1,1,1,1,1,1,1
561093997500,37226,1,1,1,1,1,1,1,1,1,1,1,1,1,1,1,1
561094019395,37227,1,1,1,1,1,1,1,1,1,1,1,1,1,1,1,1
561094073764,37228,1,1,1,1,1,1,1,1,1,1,1,1,1,1,1,1
561094115076,37229,1,1,1,1,1,1,1,1,1,1,1,1,1,1,1,1
561094122309,37230,1,1,1,1,1,1,1,1,1,1,1,1,1,1,1,1
561094149109,37231,1,1,1,1,1,1,1,1,1,1,1,1,1,1,1,1
561094181359,37232,1,1,1,1,1,1,1,1,1,1,1,1,1,1,1,1
561094214546,37233,1,1,1,1,1,1,1,1,1,1,1,1,1,1,1,1
561094242539,37234,1,1,1,1,1,1,1,1,1,1,1,1,1,1,1,1
561094272563,37235,1,1,1,1,1,1,1,1,1,1,1,1,1,1,1,1
561094346335,37236,1,1,1,1,1,1,1,1,1,1,1,1,1,1,1,1
561094354824,37237,1,1,1,1,1,1,1,1,1,1,1,1,1,1,1,1
561094408824,37238,1,1,1,1,1,1,1,1,1,1,1,1,1,1,1,1
561094431403,37239,1,1,1,1,1,1,1,1,1,1,1,1,1,1,1,1
561094437208,37240,1,1,1,1,1,1,1,1,1,1,1,1,1,1,1,1
561094469972,37241,1,1,1,1,1,1,1,1,1,1,1,1,1,1,1,1
561094492430,37242,1,1,1,1,1,1,1,1,1,1,1,1,1,1,1,1
561094521288,37243,1,1,1,1,1,1,1,1,1,1,1,1,1,1,1,1
561094552581,37244,1,1,1,1,1,1,1,1,1,1,1,1,1,1,1,1
561094583952,37245,1,1,1,1,1,1,1,1,1,1,1,1,1,1,1,1
561094615995,37246,1,1,1,1,1,1,1,1,1,1,1,1,1,1,1,1
561094649879,37247,1,1,1,1,1,1,1,1,1,1,1,1,1,1,1,1
561094728767,37248,1,1,1,1,1,1,1,1,1,1,1,1,1,1,1,1
561094766142,37249,1,1,1,1,1,1,1,1,1,1,1,1,1,1,1,1
561094774952,37250,1,1,1,1,1,1,1,1,1,1,1,1,1,1,1,1
561094791213,37251,1,1,1,1,1,1,1,1,1,1,1,1,1,1,1,1
561094808674,37252,1,1,1,1,1,1,1,1,1,1,1,1,1,1,1,1
561094841431,37253,1,1,1,1,1,1,1,1,1,1,1,1,1,1,1,1
561094870132,37254,1,1,1,1,1,1,1,1,1,1,1,1,1,1,1,1
561094921409,37255,1,1,1,1,1,1,1,1,1,1,1,1,1,1,1,1
561094935109,37256,1,1,1,1,1,1,1,1,1,1,1,1,1,1,1,1
561094955722,37257,1,1,1,1,1,1,1,1,1,1,1,1,1,1,1,1
561095000030,37258,1,1,1,1,1,1,1,1,1,1,1,1,1,1,1,1
561095018559,37259,1,1,1,1,1,1,1,1,1,1,1,1,1,1,1,1
561095081099,37260,1,1,1,1,1,1,1,1,1,1,1,1,1,1,1,1
561095088555,37261,1,1,1,1,1,1,1,1,1,1,1,1,1,1,1,1
561095121248,37262,1,1,1,1,1,1,1,1,1,1,1,1,1,1,1,1
561095147561,37263,1,1,1,1,1,1,1,1,1,1,1,1,1,1,1,1
561095178928,37264,1,1,1,1,1,1,1,1,1,1,1,1,1,1,1,1
561095213824,37265,1,1,1,1,1,1,1,1,1,1,1,1,1,1,1,1
561095241358,37266,1,1,1,1,1,1,1,1,1,1,1,1,1,1,1,1
561095279981,37267,1,1,1,1,1,1,1,1,1,1,1,1,1,1,1,1
561095303831,37268,1,1,1,1,1,1,1,1,1,1,1,1,1,1,1,1
561095334964,37269,1,1,1,1,1,1,1,1,1,1,1,1,1,1,1,1
561095390009,37270,1,1,1,1,1,1,1,1,1,1,1,1,1,1,1,1
561095433784,37271,1,1,1,1,1,1,1,1,1,1,1,1,1,1,1,1
561095447604,37272,1,1,1,1,1,1,1,1,1,1,1,1,1,1,1,1
561095465060,37273,1,1,1,1,1,1,1,1,1,1,1,1,1,1,1,1
561095493545,37274,1,1,1,1,1,1,1,1,1,1,1,1,1,1,1,1
561095530737,37275,1,1,1,1,1,1,1,1,1,1,1,1,1,1,1,1
561095561349,37276,1,1,1,1,1,1,1,1,1,1,1,1,1,1,1,1
561095591267,37277,1,1,1,1,1,1,1,1,1,1,1,1,1,1,1,1
561095617431,37278,1,1,1,1,1,1,1,1,1,1,1,1,1,1,1,1
561095645893,37279,1,1,1,1,1,1,1,1,1,1,1,1,1,1,1,1
561095681132,37280,1,1,1,1,1,1,1,1,1,1,1,1,1,1,1,1
561095709944,37281,1,1,1,1,1,1,1,1,1,1,1,1,1,1,1,1
561095739554,37282,1,1,1,1,1,1,1,1,1,1,1,1,1,1,1,1
561095818697,37283,1,1,1,1,1,1,1,1,1,1,1,1,1,1,1,1
561095827193,37284,1,1,1,1,1,1,1,1,1,1,1,1,1,1,1,1
561095865142,37285,1,1,1,1,1,1,1,1,1,1,1,1,1,1,1,1
561095887553,37286,1,1,1,1,1,1,1,1,1,1,1,1,1,1,1,1
561095902596,37287,1,1,1,1,1,1,1,1,1,1,1,1,1,1,1,1
561095940293,37288,1,1,1,1,1,1,1,1,1,1,1,1,1,1,1,1
561095959728,37289,1,1,1,1,1,1,1,1,1,1,1,1,1,1,1,1
561095992493,37290,1,1,1,1,1,1,1,1,1,1,1,1,1,1,1,1
561096036194,37291,1,1,1,1,1,1,1,1,1,1,1,1,1,1,1,1
561096059957,37292,1,1,1,1,1,1,1,1,1,1,1,1,1,1,1,1
561096087503,37293,1,1,1,1,1,1,1,1,1,1,1,1,1,1,1,1
561096122464,37294,1,1,1,1,1,1,1,1,1,1,1,1,1,1,1,1
561096179957,37295,1,1,1,1,1,1,1,1,1,1,1,1,1,1,1,1
561096188519,37296,1,1,1,1,1,1,1,1,1,1,1,1,1,1,1,1
561096207558,37297,1,1,1,1,1,1,1,1,1,1,1,1,1,1,1,1
561096251334,37298,1,1,1,1,1,1,1,1,1,1,1,1,1,1,1,1
561096279015,37299,1,1,1,1,1,1,1,1,1,1,1,1,1,1,1,1
561096307522,37300,1,1,1,1,1,1,1,1,1,1,1,1,1,1,1,1
561096340084,37301,1,1,1,1,1,1,1,1,1,1,1,1,1,1,1,1
561096395376,37302,1,1,1,1,1,1,1,1,1,1,1,1,1,1,1,1
561096407468,37303,1,1,1,1,1,1,1,1,1,1,1,1,1,1,1,1
561096439967,37304,1,1,1,1,1,1,1,1,1,1,1,1,1,1,1,1
561096468761,37305,1,1,1,1,1,1,1,1,1,1,1,1,1,1,1,1
561096496230,37306,1,1,1,1,1,1,1,1,1,1,1,1,1,1,1,1
561096547476,37307,1,1,1,1,1,1,1,1,1,1,1,1,1,1,1,1
561096577581,37308,1,1,1,1,1,1,1,1,1,1,1,1,1,1,1,1
561096585993,37309,1,1,1,1,1,1,1,1,1,1,1,1,1,1,1,1
561096614606,37310,1,1,1,1,1,1,1,1,1,1,1,1,1,1,1,1
561096670157,37311,1,1,1,1,1,1,1,1,1,1,1,1,1,1,1,1
561096705074,37312,1,1,1,1,1,1,1,1,1,1,1,1,1,1,1,1
561096736193,37313,1,1,1,1,1,1,1,1,1,1,1,1,1,1,1,1
561096744819,37314,1,1,1,1,1,1,1,1,1,1,1,1,1,1,1,1
561096782386,37315,1,1,1,1,1,1,1,1,1,1,1,1,1,1,1,1
561096808726,37316,1,1,1,1,1,1,1,1,1,1,1,1,1,1,1,1
561096843725,37317,1,1,1,1,1,1,1,1,1,1,1,1,1,1,1,1
561096888868,37318,1,1,1,1,1,1,1,1,1,1,1,1,1,1,1,1
561096919964,37319,1,1,1,1,1,1,1,1,1,1,1,1,1,1,1,1
561096935139,37320,1,1,1,1,1,1,1,1,1,1,1,1,1,1,1,1
561096968767,37321,1,1,1,1,1,1,1,1,1,1,1,1,1,1,1,1
561096992155,37322,1,1,1,1,1,1,1,1,1,1,1,1,1,1,1,1
561097030074,37323,1,1,1,1,1,1,1,1,1,1,1,1,1,1,1,1
561097066347,37324,1,1,1,1,1,1,1,1,1,1,1,1,1,1,1,1
561097086398,37325,1,1,1,1,1,1,1,1,1,1,1,1,1,1,1,1
561097116231,37326,1,1,1,1,1,1,1,1,1,1,1,1,1,1,1,1
561097150110,37327,1,1,1,1,1,1,1,1,1,1,1,1,1,1,1,1
561097181235,37328,1,1,1,1,1,1,1,1,1,1,1,1,1,1,1,1
561097212490,37329,1,1,1,1,1,1,1,1,1,1,1,1,1,1,1,1
561097276221,37330,1,1,1,1,1,1,1,1,1,1,1,1,1,1,1,1
561097282185,37331,1,1,1,1,1,1,1,1,1,1,1,1,1,1,1,1
561097314873,37332,1,1,1,1,1,1,1,1,1,1,1,1,1,1,1,1
561097356281,37333,1,1,1,1,1,1,1,1,1,1,1,1,1,1,1,1
561097374895,37334,1,1,1,1,1,1,1,1,1,1,1,1,1,1,1,1
561097406200,37335,1,1,1,1,1,1,1,1,1,1,1,1,1,1,1,1
561097431300,37336,1,1,1,1,1,1,1,1,1,1,1,1,1,1,1,1
561097461265,37337,1,1,1,1,1,1,1,1,1,1,1,1,1,1,1,1
561097492527,37338,1,1,1,1,1,1,1,1,1,1,1,1,1,1,1,1
561097522598,37339,1,1,1,1,1,1,1,1,1,1,1,1,1,1,1,1
561097553682,37340,1,1,1,1,1,1,1,1,1,1,1,1,1,1,1,1
561097587504,37341,1,1,1,1,1,1,1,1,1,1,1,1,1,1,1,1
561097652464,37342,1,1,1,1,1,1,1,1,1,1,1,1,1,1,1,1
561097659669,37343,1,1,1,1,1,1,1,1,1,1,1,1,1,1,1,1
561097687214,37344,1,1,1,1,1,1,1,1,1,1,1,1,1,1,1,1
561097716239,37345,1,1,1,1,1,1,1,1,1,1,1,1,1,1,1,1
561097744977,37346,1,1,1,1,1,1,1,1,1,1,1,1,1,1,1,1
561097778765,37347,1,1,1,1,1,1,1,1,1,1,1,1,1,1,1,1
561097801417,37348,1,1,1,1,1,1,1,1,1,1,1,1,1,1,1,1
561097835066,37349,1,1,1,1,1,1,1,1,1,1,1,1,1,1,1,1
561097867602,37350,1,1,1,1,1,1,1,1,1,1,1,1,1,1,1,1
561097897586,37351,1,1,1,1,1,1,1,1,1,1,1,1,1,1,1,1
561097956313,37352,1,1,1,1,1,1,1,1,1,1,1,1,1,1,1,1
561098009986,37353,1,1,1,1,1,1,1,1,1,1,1,1,1,1,1,1
561098012595,37354,1,1,1,1,1,1,1,1,1,1,1,1,1,1,1,1
561098024680,37355,1,1,1,1,1,1,1,1,1,1,1,1,1,1,1,1
561098058727,37356,1,1,1,1,1,1,1,1,1,1,1,1,1,1,1,1
561098087382,37357,1,1,1,1,1,1,1,1,1,1,1,1,1,1,1,1
561098119977,37358,1,1,1,1,1,1,1,1,1,1,1,1,1,1,1,1
561098151208,37359,1,1,1,1,1,1,1,1,1,1,1,1,1,1,1,1
561098186148,37360,1,1,1,1,1,1,1,1,1,1,1,1,1,1,1,1
561098213596,37361,1,1,1,1,1,1,1,1,1,1,1,1,1,1,1,1
561098242682,37362,1,1,1,1,1,1,1,1,1,1,1,1,1,1,1,1
561098274902,37363,1,1,1,1,1,1,1,1,1,1,1,1,1,1,1,1
561098306128,37364,1,1,1,1,1,1,1,1,1,1,1,1,1,1,1,1
561098377494,37365,1,1,1,1,1,1,1,1,1,1,1,1,1,1,1,1
561098384667,37366,1,1,1,1,1,1,1,1,1,1,1,1,1,1,1,1
561098422594,37367,1,1,1,1,1,1,1,1,1,1,1,1,1,1,1,1
561098434977,37368,1,1,1,1,1,1,1,1,1,1,1,1,1,1,1,1
561098490054,37369,1,1,1,1,1,1,1,1,1,1,1,1,1,1,1,1
561098494955,37370,1,1,1,1,1,1,1,1,1,1,1,1,1,1,1,1
561098524984,37371,1,1,1,1,1,1,1,1,1,1,1,1,1,1,1,1
561098557560,37372,1,1,1,1,1,1,1,1,1,1,1,1,1,1,1,1
561098595055,37373,1,1,1,1,1,1,1,1,1,1,1,1,1,1,1,1
561098620154,37374,1,1,1,1,1,1,1,1,1,1,1,1,1,1,1,1
561098651342,37375,1,1,1,1,1,1,1,1,1,1,1,1,1,1,1,1
561098682591,37376,1,1,1,1,1,1,1,1,1,1,1,1,1,1,1,1
561098765917,37377,1,1,1,1,1,1,1,1,1,1,1,1,1,1,1,1
561098776014,37378,1,1,1,1,1,1,1,1,1,1,1,1,1,1,1,1
561098786092,37379,1,1,1,1,1,1,1,1,1,1,1,1,1,1,1,1
561098808673,37380,1,1,1,1,1,1,1,1,1,1,1,1,1,1,1,1
561098839665,37381,1,1,1,1,1,1,1,1,1,1,1,1,1,1,1,1
561098876041,37382,1,1,1,1,1,1,1,1,1,1,1,1,1,1,1,1
561098902384,37383,1,1,1,1,1,1,1,1,1,1,1,1,1,1,1,1
561098956218,37384,1,1,1,1,1,1,1,1,1,1,1,1,1,1,1,1
561098964809,37385,1,1,1,1,1,1,1,1,1,1,1,1,1,1,1,1
561098996286,37386,1,1,1,1,1,1,1,1,1,1,1,1,1,1,1,1
561099018226,37387,1,1,1,1,1,1,1,1,1,1,1,1,1,1,1,1
561099052569,37388,1,1,1,1,1,1,1,1,1,1,1,1,1,1,1,1
561099121346,37389,1,1,1,1,1,1,1,1,1,1,1,1,1,1,1,1
561099128553,37390,1,1,1,1,1,1,1,1,1,1,1,1,1,1,1,1
561099151311,37391,1,1,1,1,1,1,1,1,1,1,1,1,1,1,1,1
561099184979,37392,1,1,1,1,1,1,1,1,1,1,1,1,1,1,1,1
561099234827,37393,1,1,1,1,1,1,1,1,1,1,1,1,1,1,1,1
561099238891,37394,1,1,1,1,1,1,1,1,1,1,1,1,1,1,1,1
561099273825,37395,1,1,1,1,1,1,1,1,1,1,1,1,1,1,1,1
561099304871,37396,1,1,1,1,1,1,1,1,1,1,1,1,1,1,1,1
561099337535,37397,1,1,1,1,1,1,1,1,1,1,1,1,1,1,1,1
561099373857,37398,1,1,1,1,1,1,1,1,1,1,1,1,1,1,1,1
561099407565,37399,1,1,1,1,1,1,1,1,1,1,1,1,1,1,1,1
561099433840,37400,1,1,1,1,1,1,1,1,1,1,1,1,1,1,1,1
561099502560,37401,1,1,1,1,1,1,1,1,1,1,1,1,1,1,1,1
561099506031,37402,1,1,1,1,1,1,1,1,1,1,1,1,1,1,1,1
561099532621,37403,1,1,1,1,1,1,1,1,1,1,1,1,1,1,1,1
561099558781,37404,1,1,1,1,1,1,1,1,1,1,1,1,1,1,1,1
561099587393,37405,1,1,1,1,1,1,1,1,1,1,1,1,1,1,1,1
561099619951,37406,1,1,1,1,1,1,1,1,1,1,1,1,1,1,1,1
561099649690,37407,1,1,1,1,1,1,1,1,1,1,1,1,1,1,1,1
561099681243,37408,1,1,1,1,1,1,1,1,1,1,1,1,1,1,1,1
561099714984,37409,1,1,1,1,1,1,1,1,1,1,1,1,1,1,1,1
561099746222,37410,1,1,1,1,1,1,1,1,1,1,1,1,1,1,1,1
561099779916,37411,1,1,1,1,1,1,1,1,1,1,1,1,1,1,1,1
561099847292,37412,1,1,1,1,1,1,1,1,1,1,1,1,1,1,1,1
561099882415,37413,1,1,1,1,1,1,1,1,1,1,1,1,1,1,1,1
561099889938,37414,1,1,1,1,1,1,1,1,1,1,1,1,1,1,1,1
561099914970,37415,1,1,1,1,1,1,1,1,1,1,1,1,1,1,1,1
561099934909,37416,1,1,1,1,1,1,1,1,1,1,1,1,1,1,1,1
561099965736,37417,1,1,1,1,1,1,1,1,1,1,1,1,1,1,1,1
561100018839,37418,1,1,1,1,1,1,1,1,1,1,1,1,1,1,1,1
561100023172,37419,1,1,1,1,1,1,1,1,1,1,1,1,1,1,1,1
561100055883,37420,1,1,1,1,1,1,1,1,1,1,1,1,1,1,1,1
561100088788,37421,1,1,1,1,1,1,1,1,1,1,1,1,1,1,1,1
561100118734,37422,1,1,1,1,1,1,1,1,1,1,1,1,1,1,1,1
561100153794,37423,1,1,1,1,1,1,1,1,1,1,1,1,1,1,1,1
561100228759,37424,1,1,1,1,1,1,1,1,1,1,1,1,1,1,1,1
561100236065,37425,1,1,1,1,1,1,1,1,1,1,1,1,1,1,1,1
561100246033,37426,1,1,1,1,1,1,1,1,1,1,1,1,1,1,1,1
561100286247,37427,1,1,1,1,1,1,1,1,1,1,1,1,1,1,1,1
561100303172,37428,1,1,1,1,1,1,1,1,1,1,1,1,1,1,1,1
561100334824,37429,1,1,1,1,1,1,1,1,1,1,1,1,1,1,1,1
561100382483,37430,1,1,1,1,1,1,1,1,1,1,1,1,1,1,1,1
561100400004,37431,1,1,1,1,1,1,1,1,1,1,1,1,1,1,1,1
561100429693,37432,1,1,1,1,1,1,1,1,1,1,1,1,1,1,1,1
561100464738,37433,1,1,1,1,1,1,1,1,1,1,1,1,1,1,1,1
561100513839,37434,1,1,1,1,1,1,1,1,1,1,1,1,1,1,1,1
561100522167,37435,1,1,1,1,1,1,1,1,1,1,1,1,1,1,1,1
561100590120,37436,1,1,1,1,1,1,1,1,1,1,1,1,1,1,1,1
561100599737,37437,1,1,1,1,1,1,1,1,1,1,1,1,1,1,1,1
561100623974,37438,1,1,1,1,1,1,1,1,1,1,1,1,1,1,1,1
561100649792,37439,1,1,1,1,1,1,1,1,1,1,1,1,1,1,1,1
561100677500,37440,1,1,1,1,1,1,1,1,1,1,1,1,1,1,1,1
561100712214,37441,1,1,1,1,1,1,1,1,1,1,1,1,1,1,1,1
561100749352,37442,1,1,1,1,1,1,1,1,1,1,1,1,1,1,1,1
561100788616,37443,1,1,1,1,1,1,1,1,1,1,1,1,1,1,1,1
561100815009,37444,1,1,1,1,1,1,1,1,1,1,1,1,1,1,1,1
561100834541,37445,1,1,1,1,1,1,1,1,1,1,1,1,1,1,1,1
561100864822,37446,1,1,1,1,1,1,1,1,1,1,1,1,1,1,1,1
561100896687,37447,1,1,1,1,1,1,1,1,1,1,1,1,1,1,1,1
561100957031,37448,1,1,1,1,1,1,1,1,1,1,1,1,1,1,1,1
561100967393,37449,1,1,1,1,1,1,1,1,1,1,1,1,1,1,1,1
561100996083,37450,1,1,1,1,1,1,1,1,1,1,1,1,1,1,1,1
561101019412,37451,1,1,1,1,1,1,1,1,1,1,1,1,1,1,1,1
561101055027,37452,1,1,1,1,1,1,1,1,1,1,1,1,1,1,1,1
561101086345,37453,1,1,1,1,1,1,1,1,1,1,1,1,1,1,1,1
561101120061,37454,1,1,1,1,1,1,1,1,1,1,1,1,1,1,1,1
561101152054,37455,1,1,1,1,1,1,1,1,1,1,1,1,1,1,1,1
561101192500,37456,1,1,1,1,1,1,1,1,1,1,1,1,1,1,1,1
561101214876,37457,1,1,1,1,1,1,1,1,1,1,1,1,1,1,1,1
561101251027,37458,1,1,1,1,1,1,1,1,1,1,1,1,1,1,1,1
561101294863,37459,1,1,1,1,1,1,1,1,1,1,1,1,1,1,1,1
561101339979,37460,1,1,1,1,1,1,1,1,1,1,1,1,1,1,1,1
561101350799,37461,1,1,1,1,1,1,1,1,1,1,1,1,1,1,1,1
561101370017,37462,1,1,1,1,1,1,1,1,1,1,1,1,1,1,1,1
561101399879,37463,1,1,1,1,1,1,1,1,1,1,1,1,1,1,1,1
561101432533,37464,1,1,1,1,1,1,1,1,1,1,1,1,1,1,1,1
561101470033,37465,1,1,1,1,1,1,1,1,1,1,1,1,1,1,1,1
561101500055,37466,1,1,1,1,1,1,1,1,1,1,1,1,1,1,1,1
561101524925,37467,1,1,1,1,1,1,1,1,1,1,1,1,1,1,1,1
561101556222,37468,1,1,1,1,1,1,1,1,1,1,1,1,1,1,1,1
561101588862,37469,1,1,1,1,1,1,1,1,1,1,1,1,1,1,1,1
561101620978,37470,1,1,1,1,1,1,1,1,1,1,1,1,1,1,1,1
561101691283,37471,1,1,1,1,1,1,1,1,1,1,1,1,1,1,1,1
561101696304,37472,1,1,1,1,1,1,1,1,1,1,1,1,1,1,1,1
561101714662,37473,1,1,1,1,1,1,1,1,1,1,1,1,1,1,1,1
561101742341,37474,1,1,1,1,1,1,1,1,1,1,1,1,1,1,1,1
561101801144,37475,1,1,1,1,1,1,1,1,1,1,1,1,1,1,1,1
561101809617,37476,1,1,1,1,1,1,1,1,1,1,1,1,1,1,1,1
561101851308,37477,1,1,1,1,1,1,1,1,1,1,1,1,1,1,1,1
561101872542,37478,1,1,1,1,1,1,1,1,1,1,1,1,1,1,1,1
561101900040,37479,1,1,1,1,1,1,1,1,1,1,1,1,1,1,1,1
561101936043,37480,1,1,1,1,1,1,1,1,1,1,1,1,1,1,1,1
561101968523,37481,1,1,1,1,1,1,1,1,1,1,1,1,1,1,1,1
561101996215,37482,1,1,1,1,1,1,1,1,1,1,1,1,1,1,1,1
561102067587,37483,1,1,1,1,1,1,1,1,1,1,1,1,1,1,1,1
561102074726,37484,1,1,1,1,1,1,1,1,1,1,1,1,1,1,1,1
561102092471,37485,1,1,1,1,1,1,1,1,1,1,1,1,1,1,1,1
561102119876,37486,1,1,1,1,1,1,1,1,1,1,1,1,1,1,1,1
561102153702,37487,1,1,1,1,1,1,1,1,1,1,1,1,1,1,1,1
561102183742,37488,1,1,1,1,1,1,1,1,1,1,1,1,1,1,1,1
561102212024,37489,1,1,1,1,1,1,1,1,1,1,1,1,1,1,1,1
561102250086,37490,1,1,1,1,1,1,1,1,1,1,1,1,1,1,1,1
561102281348,37491,1,1,1,1,1,1,1,1,1,1,1,1,1,1,1,1
561102302529,37492,1,1,1,1,1,1,1,1,1,1,1,1,1,1,1,1
561102339994,37493,1,1,1,1,1,1,1,1,1,1,1,1,1,1,1,1
561102376253,37494,1,1,1,1,1,1,1,1,1,1,1,1,1,1,1,1
561102452519,37495,1,1,1,1,1,1,1,1,1,1,1,1,1,1,1,1
561102456001,37496,1,1,1,1,1,1,1,1,1,1,1,1,1,1,1,1
561102497444,37497,1,1,1,1,1,1,1,1,1,1,1,1,1,1,1,1
561102500932,37498,1,1,1,1,1,1,1,1,1,1,1,1,1,1,1,1
561102524945,37499,1,1,1,1,1,1,1,1,1,1,1,1,1,1,1,1
561102558759,37500,1,1,1,1,1,1,1,1,1,1,1,1,1,1,1,1
561102596249,37501,1,1,1,1,1,1,1,1,1,1,1,1,1,1,1,1
561102613618,37502,1,1,1,1,1,1,1,1,1,1,1,1,1,1,1,1
561102647513,37503,1,1,1,1,1,1,1,1,1,1,1,1,1,1,1,1
561102678867,37504,1,1,1,1,1,1,1,1,1,1,1,1,1,1,1,1
561102709849,37505,1,1,1,1,1,1,1,1,1,1,1,1,1,1,1,1
561102741259,37506,1,1,1,1,1,1,1,1,1,1,1,1,1,1,1,1
561102803689,37507,1,1,1,1,1,1,1,1,1,1,1,1,1,1,1,1
561102819973,37508,1,1,1,1,1,1,1,1,1,1,1,1,1,1,1,1
561102836261,37509,1,1,1,1,1,1,1,1,1,1,1,1,1,1,1,1
561102878750,37510,1,1,1,1,1,1,1,1,1,1,1,1,1,1,1,1
561102897411,37511,1,1,1,1,1,1,1,1,1,1,1,1,1,1,1,1
561102928698,37512,1,1,1,1,1,1,1,1,1,1,1,1,1,1,1,1
561102961279,37513,1,1,1,1,1,1,1,1,1,1,1,1,1,1,1,1
561102992521,37514,1,1,1,1,1,1,1,1,1,1,1,1,1,1,1,1
561103022059,37515,1,1,1,1,1,1,1,1,1,1,1,1,1,1,1,1
561103080068,37516,1,1,1,1,1,1,1,1,1,1,1,1,1,1,1,1
561103091259,37517,1,1,1,1,1,1,1,1,1,1,1,1,1,1,1,1
561103159979,37518,1,1,1,1,1,1,1,1,1,1,1,1,1,1,1,1
561103169706,37519,1,1,1,1,1,1,1,1,1,1,1,1,1,1,1,1
561103184776,37520,1,1,1,1,1,1,1,1,1,1,1,1,1,1,1,1
561103211090,37521,1,1,1,1,1,1,1,1,1,1,1,1,1,1,1,1
561103244938,37522,1,1,1,1,1,1,1,1,1,1,1,1,1,1,1,1
561103273843,37523,1,1,1,1,1,1,1,1,1,1,1,1,1,1,1,1
561103314983,37524,1,1,1,1,1,1,1,1,1,1,1,1,1,1,1,1
561103342471,37525,1,1,1,1,1,1,1,1,1,1,1,1,1,1,1,1
561103376348,37526,1,1,1,1,1,1,1,1,1,1,1,1,1,1,1,1
561103402309,37527,1,1,1,1,1,1,1,1,1,1,1,1,1,1,1,1
561103431337,37528,1,1,1,1,1,1,1,1,1,1,1,1,1,1,1,1
561103462567,37529,1,1,1,1,1,1,1,1,1,1,1,1,1,1,1,1
561103530005,37530,1,1,1,1,1,1,1,1,1,1,1,1,1,1,1,1
561103538521,37531,1,1,1,1,1,1,1,1,1,1,1,1,1,1,1,1
561103566183,37532,1,1,1,1,1,1,1,1,1,1,1,1,1,1,1,1
561103599981,37533,1,1,1,1,1,1,1,1,1,1,1,1,1,1,1,1
561103617224,37534,1,1,1,1,1,1,1,1,1,1,1,1,1,1,1,1
561103648760,37535,1,1,1,1,1,1,1,1,1,1,1,1,1,1,1,1
561103717486,37536,1,1,1,1,1,1,1,1,1,1,1,1,1,1,1,1
561103725931,37537,1,1,1,1,1,1,1,1,1,1,1,1,1,1,1,1
561103760600,37538,1,1,1,1,1,1,1,1,1,1,1,1,1,1,1,1
561103775931,37539,1,1,1,1,1,1,1,1,1,1,1,1,1,1,1,1
561103809799,37540,1,1,1,1,1,1,1,1,1,1,1,1,1,1,1,1
561103845030,37541,1,1,1,1,1,1,1,1,1,1,1,1,1,1,1,1
561103897541,37542,1,1,1,1,1,1,1,1,1,1,1,1,1,1,1,1
561103911337,37543,1,1,1,1,1,1,1,1,1,1,1,1,1,1,1,1
561103932558,37544,1,1,1,1,1,1,1,1,1,1,1,1,1,1,1,1
561103971316,37545,1,1,1,1,1,1,1,1,1,1,1,1,1,1,1,1
561103994963,37546,1,1,1,1,1,1,1,1,1,1,1,1,1,1,1,1
561104028736,37547,1,1,1,1,1,1,1,1,1,1,1,1,1,1,1,1
561104060024,37548,1,1,1,1,1,1,1,1,1,1,1,1,1,1,1,1
561104088506,37549,1,1,1,1,1,1,1,1,1,1,1,1,1,1,1,1
561104119972,37550,1,1,1,1,1,1,1,1,1,1,1,1,1,1,1,1
561104151158,37551,1,1,1,1,1,1,1,1,1,1,1,1,1,1,1,1
561104182332,37552,1,1,1,1,1,1,1,1,1,1,1,1,1,1,1,1
561104236608,37553,1,1,1,1,1,1,1,1,1,1,1,1,1,1,1,1
561104271443,37554,1,1,1,1,1,1,1,1,1,1,1,1,1,1,1,1
561104272222,37555,1,1,1,1,1,1,1,1,1,1,1,1,1,1,1,1
561104303606,37556,1,1,1,1,1,1,1,1,1,1,1,1,1,1,1,1
561104356190,37557,1,1,1,1,1,1,1,1,1,1,1,1,1,1,1,1
561104376248,37558,1,1,1,1,1,1,1,1,1,1,1,1,1,1,1,1
561104401021,37559,1,1,1,1,1,1,1,1,1,1,1,1,1,1,1,1
561104432510,37560,1,1,1,1,1,1,1,1,1,1,1,1,1,1,1,1
561104461260,37561,1,1,1,1,1,1,1,1,1,1,1,1,1,1,1,1
561104498731,37562,1,1,1,1,1,1,1,1,1,1,1,1,1,1,1,1
561104543768,37563,1,1,1,1,1,1,1,1,1,1,1,1,1,1,1,1
561104572601,37564,1,1,1,1,1,1,1,1,1,1,1,1,1,1,1,1
561104606158,37565,1,1,1,1,1,1,1,1,1,1,1,1,1,1,1,1
561104630932,37566,1,1,1,1,1,1,1,1,1,1,1,1,1,1,1,1
561104650148,37567,1,1,1,1,1,1,1,1,1,1,1,1,1,1,1,1
561104681148,37568,1,1,1,1,1,1,1,1,1,1,1,1,1,1,1,1
561104712407,37569,1,1,1,1,1,1,1,1,1,1,1,1,1,1,1,1
561104746227,37570,1,1,1,1,1,1,1,1,1,1,1,1,1,1,1,1
561104774843,37571,1,1,1,1,1,1,1,1,1,1,1,1,1,1,1,1
561104807486,37572,1,1,1,1,1,1,1,1,1,1,1,1,1,1,1,1
561104861332,37573,1,1,1,1,1,1,1,1,1,1,1,1,1,1,1,1
561104868540,37574,1,1,1,1,1,1,1,1,1,1,1,1,1,1,1,1
561104897419,37575,1,1,1,1,1,1,1,1,1,1,1,1,1,1,1,1
561104929942,37576,1,1,1,1,1,1,1,1,1,1,1,1,1,1,1,1
561105023823,37577,1,1,1,1,1,1,1,1,1,1,1,1,1,1,1,1
561105032213,37578,1,1,1,1,1,1,1,1,1,1,1,1,1,1,1,1
561105041094,37579,1,1,1,1,1,1,1,1,1,1,1,1,1,1,1,1
561105058707,37580,1,1,1,1,1,1,1,1,1,1,1,1,1,1,1,1
561105093708,37581,1,1,1,1,1,1,1,1,1,1,1,1,1,1,1,1
561105126221,37582,1,1,1,1,1,1,1,1,1,1,1,1,1,1,1,1
561105156253,37583,1,1,1,1,1,1,1,1,1,1,1,1,1,1,1,1
561105183745,37584,1,1,1,1,1,1,1,1,1,1,1,1,1,1,1,1
561105216164,37585,1,1,1,1,1,1,1,1,1,1,1,1,1,1,1,1
561105248741,37586,1,1,1,1,1,1,1,1,1,1,1,1,1,1,1,1
561105273768,37587,1,1,1,1,1,1,1,1,1,1,1,1,1,1,1,1
561105308696,37588,1,1,1,1,1,1,1,1,1,1,1,1,1,1,1,1
561105364924,37589,1,1,1,1,1,1,1,1,1,1,1,1,1,1,1,1
561105373526,37590,1,1,1,1,1,1,1,1,1,1,1,1,1,1,1,1
561105402225,37591,1,1,1,1,1,1,1,1,1,1,1,1,1,1,1,1
561105432531,37592,1,1,1,1,1,1,1,1,1,1,1,1,1,1,1,1
561105466280,37593,1,1,1,1,1,1,1,1,1,1,1,1,1,1,1,1
561105499844,37594,1,1,1,1,1,1,1,1,1,1,1,1,1,1,1,1
561105538689,37595,1,1,1,1,1,1,1,1,1,1,1,1,1,1,1,1
561105557434,37596,1,1,1,1,1,1,1,1,1,1,1,1,1,1,1,1
561105587481,37597,1,1,1,1,1,1,1,1,1,1,1,1,1,1,1,1
561105635980,37598,1,1,1,1,1,1,1,1,1,1,1,1,1,1,1,1
561105671013,37599,1,1,1,1,1,1,1,1,1,1,1,1,1,1,1,1
561105684821,37600,1,1,1,1,1,1,1,1,1,1,1,1,1,1,1,1
561105734916,37601,1,1,1,1,1,1,1,1,1,1,1,1,1,1,1,1
561105748494,37602,1,1,1,1,1,1,1,1,1,1,1,1,1,1,1,1
561105778537,37603,1,1,1,1,1,1,1,1,1,1,1,1,1,1,1,1
561105798240,37604,1,1,1,1,1,1,1,1,1,1,1,1,1,1,1,1
561105843730,37605,1,1,1,1,1,1,1,1,1,1,1,1,1,1,1,1
561105871246,37606,1,1,1,1,1,1,1,1,1,1,1,1,1,1,1,1
561105905114,37607,1,1,1,1,1,1,1,1,1,1,1,1,1,1,1,1
561105955356,37608,1,1,1,1,1,1,1,1,1,1,1,1,1,1,1,1
561105964942,37609,1,1,1,1,1,1,1,1,1,1,1,1,1,1,1,1
561106007595,37610,1,1,1,1,1,1,1,1,1,1,1,1,1,1,1,1
561106026100,37611,1,1,1,1,1,1,1,1,1,1,1,1,1,1,1,1
561106078609,37612,1,1,1,1,1,1,1,1,1,1,1,1,1,1,1,1
561106108707,37613,1,1,1,1,1,1,1,1,1,1,1,1,1,1,1,1
561106137409,37614,1,1,1,1,1,1,1,1,1,1,1,1,1,1,1,1
561106156200,37615,1,1,1,1,1,1,1,1,1,1,1,1,1,1,1,1
561106183778,37616,1,1,1,1,1,1,1,1,1,1,1,1,1,1,1,1
561106205471,37617,1,1,1,1,1,1,1,1,1,1,1,1,1,1,1,1
561106242526,37618,1,1,1,1,1,1,1,1,1,1,1,1,1,1,1,1
561106287459,37619,1,1,1,1,1,1,1,1,1,1,1,1,1,1,1,1
561106306328,37620,1,1,1,1,1,1,1,1,1,1,1,1,1,1,1,1
561106337376,37621,1,1,1,1,1,1,1,1,1,1,1,1,1,1,1,1
561106368855,37622,1,1,1,1,1,1,1,1,1,1,1,1,1,1,1,1
561106397522,37623,1,1,1,1,1,1,1,1,1,1,1,1,1,1,1,1
561106476204,37624,1,1,1,1,1,1,1,1,1,1,1,1,1,1,1,1
561106483531,37625,1,1,1,1,1,1,1,1,1,1,1,1,1,1,1,1
561106509099,37626,1,1,1,1,1,1,1,1,1,1,1,1,1,1,1,1
561106532217,37627,1,1,1,1,1,1,1,1,1,1,1,1,1,1,1,1
561106570108,37628,1,1,1,1,1,1,1,1,1,1,1,1,1,1,1,1
561106588596,37629,1,1,1,1,1,1,1,1,1,1,1,1,1,1,1,1
561106619168,37630,1,1,1,1,1,1,1,1,1,1,1,1,1,1,1,1
561106651059,37631,1,1,1,1,1,1,1,1,1,1,1,1,1,1,1,1
561106680169,37632,1,1,1,1,1,1,1,1,1,1,1,1,1,1,1,1
561106713748,37633,1,1,1,1,1,1,1,1,1,1,1,1,1,1,1,1
561106745053,37634,1,1,1,1,1,1,1,1,1,1,1,1,1,1,1,1
561106774825,37635,1,1,1,1,1,1,1,1,1,1,1,1,1,1,1,1
561106842595,37636,1,1,1,1,1,1,1,1,1,1,1,1,1,1,1,1
561106848509,37637,1,1,1,1,1,1,1,1,1,1,1,1,1,1,1,1
561106866182,37638,1,1,1,1,1,1,1,1,1,1,1,1,1,1,1,1
561106914920,37639,1,1,1,1,1,1,1,1,1,1,1,1,1,1,1,1
561106938655,37640,1,1,1,1,1,1,1,1,1,1,1,1,1,1,1,1
561106968897,37641,1,1,1,1,1,1,1,1,1,1,1,1,1,1,1,1
561106996439,37642,1,1,1,1,1,1,1,1,1,1,1,1,1,1,1,1
561107024602,37643,1,1,1,1,1,1,1,1,1,1,1,1,1,1,1,1
561107057569,37644,1,1,1,1,1,1,1,1,1,1,1,1,1,1,1,1
561107088830,37645,1,1,1,1,1,1,1,1,1,1,1,1,1,1,1,1
561107121325,37646,1,1,1,1,1,1,1,1,1,1,1,1,1,1,1,1
561107153825,37647,1,1,1,1,1,1,1,1,1,1,1,1,1,1,1,1
561107208789,37648,1,1,1,1,1,1,1,1,1,1,1,1,1,1,1,1
561107217231,37649,1,1,1,1,1,1,1,1,1,1,1,1,1,1,1,1
561107259988,37650,1,1,1,1,1,1,1,1,1,1,1,1,1,1,1,1
561107279750,37651,1,1,1,1,1,1,1,1,1,1,1,1,1,1,1,1
561107322575,37652,1,1,1,1,1,1,1,1,1,1,1,1,1,1,1,1
561107337263,37653,1,1,1,1,1,1,1,1,1,1,1,1,1,1,1,1
561107368818,37654,1,1,1,1,1,1,1,1,1,1,1,1,1,1,1,1
561107398083,37655,1,1,1,1,1,1,1,1,1,1,1,1,1,1,1,1
561107428649,37656,1,1,1,1,1,1,1,1,1,1,1,1,1,1,1,1
561107463800,37657,1,1,1,1,1,1,1,1,1,1,1,1,1,1,1,1
561107493834,37658,1,1,1,1,1,1,1,1,1,1,1,1,1,1,1,1
561107550051,37659,1,1,1,1,1,1,1,1,1,1,1,1,1,1,1,1
561107602536,37660,1,1,1,1,1,1,1,1,1,1,1,1,1,1,1,1
561107608531,37661,1,1,1,1,1,1,1,1,1,1,1,1,1,1,1,1
561107648759,37662,1,1,1,1,1,1,1,1,1,1,1,1,1,1,1,1
561107661151,37663,1,1,1,1,1,1,1,1,1,1,1,1,1,1,1,1
561107687283,37664,1,1,1,1,1,1,1,1,1,1,1,1,1,1,1,1
561107712193,37665,1,1,1,1,1,1,1,1,1,1,1,1,1,1,1,1
561107748437,37666,1,1,1,1,1,1,1,1,1,1,1,1,1,1,1,1
561107767779,37667,1,1,1,1,1,1,1,1,1,1,1,1,1,1,1,1
561107801029,37668,1,1,1,1,1,1,1,1,1,1,1,1,1,1,1,1
561107839981,37669,1,1,1,1,1,1,1,1,1,1,1,1,1,1,1,1
561107871245,37670,1,1,1,1,1,1,1,1,1,1,1,1,1,1,1,1
561107934981,37671,1,1,1,1,1,1,1,1,1,1,1,1,1,1,1,1
561107943531,37672,1,1,1,1,1,1,1,1,1,1,1,1,1,1,1,1
561107968729,37673,1,1,1,1,1,1,1,1,1,1,1,1,1,1,1,1
561107992384,37674,1,1,1,1,1,1,1,1,1,1,1,1,1,1,1,1
561108023801,37675,1,1,1,1,1,1,1,1,1,1,1,1,1,1,1,1
561108053821,37676,1,1,1,1,1,1,1,1,1,1,1,1,1,1,1,1
561108086204,37677,1,1,1,1,1,1,1,1,1,1,1,1,1,1,1,1
561108117481,37678,1,1,1,1,1,1,1,1,1,1,1,1,1,1,1,1
561108148711,37679,1,1,1,1,1,1,1,1,1,1,1,1,1,1,1,1
561108196929,37680,1,1,1,1,1,1,1,1,1,1,1,1,1,1,1,1
561108211222,37681,1,1,1,1,1,1,1,1,1,1,1,1,1,1,1,1
561108243648,37682,1,1,1,1,1,1,1,1,1,1,1,1,1,1,1,1
561108314776,37683,1,1,1,1,1,1,1,1,1,1,1,1,1,1,1,1
561108324711,37684,1,1,1,1,1,1,1,1,1,1,1,1,1,1,1,1
561108360010,37685,1,1,1,1,1,1,1,1,1,1,1,1,1,1,1,1
561108365940,37686,1,1,1,1,1,1,1,1,1,1,1,1,1,1,1,1
561108398695,37687,1,1,1,1,1,1,1,1,1,1,1,1,1,1,1,1
561108432333,37688,1,1,1,1,1,1,1,1,1,1,1,1,1,1,1,1
561108488824,37689,1,1,1,1,1,1,1,1,1,1,1,1,1,1,1,1
561108499827,37690,1,1,1,1,1,1,1,1,1,1,1,1,1,1,1,1
561108528655,37691,1,1,1,1,1,1,1,1,1,1,1,1,1,1,1,1
561108555000,37692,1,1,1,1,1,1,1,1,1,1,1,1,1,1,1,1
561108584314,37693,1,1,1,1,1,1,1,1,1,1,1,1,1,1,1,1
561108617235,37694,1,1,1,1,1,1,1,1,1,1,1,1,1,1,1,1
561108673666,37695,1,1,1,1,1,1,1,1,1,1,1,1,1,1,1,1
561108681175,37696,1,1,1,1,1,1,1,1,1,1,1,1,1,1,1,1
561108713738,37697,1,1,1,1,1,1,1,1,1,1,1,1,1,1,1,1
561108743848,37698,1,1,1,1,1,1,1,1,1,1,1,1,1,1,1,1
561108789956,37699,1,1,1,1,1,1,1,1,1,1,1,1,1,1,1,1
561108832312,37700,1,1,1,1,1,1,1,1,1,1,1,1,1,1,1,1
561108838398,37701,1,1,1,1,1,1,1,1,1,1,1,1,1,1,1,1
561108872463,37702,1,1,1,1,1,1,1,1,1,1,1,1,1,1,1,1
561108901175,37703,1,1,1,1,1,1,1,1,1,1,1,1,1,1,1,1
561108936193,37704,1,1,1,1,1,1,1,1,1,1,1,1,1,1,1,1
561108965080,37705,1,1,1,1,1,1,1,1,1,1,1,1,1,1,1,1
561108993297,37706,1,1,1,1,1,1,1,1,1,1,1,1,1,1,1,1
561109043782,37707,1,1,1,1,1,1,1,1,1,1,1,1,1,1,1,1
561109063804,37708,1,1,1,1,1,1,1,1,1,1,1,1,1,1,1,1
561109094977,37709,1,1,1,1,1,1,1,1,1,1,1,1,1,1,1,1
561109117512,37710,1,1,1,1,1,1,1,1,1,1,1,1,1,1,1,1
561109148788,37711,1,1,1,1,1,1,1,1,1,1,1,1,1,1,1,1
561109182479,37712,1,1,1,1,1,1,1,1,1,1,1,1,1,1,1,1
561109216256,37713,1,1,1,1,1,1,1,1,1,1,1,1,1,1,1,1
561109246206,37714,1,1,1,1,1,1,1,1,1,1,1,1,1,1,1,1
561109276198,37715,1,1,1,1,1,1,1,1,1,1,1,1,1,1,1,1
561109307434,37716,1,1,1,1,1,1,1,1,1,1,1,1,1,1,1,1
561109339933,37717,1,1,1,1,1,1,1,1,1,1,1,1,1,1,1,1
561109396074,37718,1,1,1,1,1,1,1,1,1,1,1,1,1,1,1,1
561109417338,37719,1,1,1,1,1,1,1,1,1,1,1,1,1,1,1,1
561109433683,37720,1,1,1,1,1,1,1,1,1,1,1,1,1,1,1,1
561109476236,37721,1,1,1,1,1,1,1,1,1,1,1,1,1,1,1,1
561109501274,37722,1,1,1,1,1,1,1,1,1,1,1,1,1,1,1,1
561109532540,37723,1,1,1,1,1,1,1,1,1,1,1,1,1,1,1,1
561109563859,37724,1,1,1,1,1,1,1,1,1,1,1,1,1,1,1,1
561109597512,37725,1,1,1,1,1,1,1,1,1,1,1,1,1,1,1,1
561109622269,37726,1,1,1,1,1,1,1,1,1,1,1,1,1,1,1,1
561109653408,37727,1,1,1,1,1,1,1,1,1,1,1,1,1,1,1,1
561109682294,37728,1,1,1,1,1,1,1,1,1,1,1,1,1,1,1,1
561109712422,37729,1,1,1,1,1,1,1,1,1,1,1,1,1,1,1,1
561109776044,37730,1,1,1,1,1,1,1,1,1,1,1,1,1,1,1,1
561109782396,37731,1,1,1,1,1,1,1,1,1,1,1,1,1,1,1,1
561109810222,37732,1,1,1,1,1,1,1,1,1,1,1,1,1,1,1,1
561109839746,37733,1,1,1,1,1,1,1,1,1,1,1,1,1,1,1,1
561109867483,37734,1,1,1,1,1,1,1,1,1,1,1,1,1,1,1,1
561109914822,37735,1,1,1,1,1,1,1,1,1,1,1,1,1,1,1,1
561109931188,37736,1,1,1,1,1,1,1,1,1,1,1,1,1,1,1,1
561109970796,37737,1,1,1,1,1,1,1,1,1,1,1,1,1,1,1,1
561109996353,37738,1,1,1,1,1,1,1,1,1,1,1,1,1,1,1,1
561110031265,37739,1,1,1,1,1,1,1,1,1,1,1,1,1,1,1,1
561110058616,37740,1,1,1,1,1,1,1,1,1,1,1,1,1,1,1,1
561110153728,37741,1,1,1,1,1,1,1,1,1,1,1,1,1,1,1,1
561110163239,37742,1,1,1,1,1,1,1,1,1,1,1,1,1,1,1,1
561110173476,37743,1,1,1,1,1,1,1,1,1,1,1,1,1,1,1,1
561110181980,37744,1,1,1,1,1,1,1,1,1,1,1,1,1,1,1,1
561110211644,37745,1,1,1,1,1,1,1,1,1,1,1,1,1,1,1,1
561110269982,37746,1,1,1,1,1,1,1,1,1,1,1,1,1,1,1,1
561110280992,37747,1,1,1,1,1,1,1,1,1,1,1,1,1,1,1,1
561110307458,37748,1,1,1,1,1,1,1,1,1,1,1,1,1,1,1,1
561110338785,37749,1,1,1,1,1,1,1,1,1,1,1,1,1,1,1,1
561110371382,37750,1,1,1,1,1,1,1,1,1,1,1,1,1,1,1,1
561110402489,37751,1,1,1,1,1,1,1,1,1,1,1,1,1,1,1,1
561110432511,37752,1,1,1,1,1,1,1,1,1,1,1,1,1,1,1,1
561110462486,37753,1,1,1,1,1,1,1,1,1,1,1,1,1,1,1,1
561110517477,37754,1,1,1,1,1,1,1,1,1,1,1,1,1,1,1,1
561110527161,37755,1,1,1,1,1,1,1,1,1,1,1,1,1,1,1,1
561110556315,37756,1,1,1,1,1,1,1,1,1,1,1,1,1,1,1,1
561110591787,37757,1,1,1,1,1,1,1,1,1,1,1,1,1,1,1,1
561110621011,37758,1,1,1,1,1,1,1,1,1,1,1,1,1,1,1,1
561110652379,37759,1,1,1,1,1,1,1,1,1,1,1,1,1,1,1,1
561110681149,37760,1,1,1,1,1,1,1,1,1,1,1,1,1,1,1,1
561110713772,37761,1,1,1,1,1,1,1,1,1,1,1,1,1,1,1,1
561110755056,37762,1,1,1,1,1,1,1,1,1,1,1,1,1,1,1,1
561110779886,37763,1,1,1,1,1,1,1,1,1,1,1,1,1,1,1,1
561110810951,37764,1,1,1,1,1,1,1,1,1,1,1,1,1,1,1,1
561110873526,37765,1,1,1,1,1,1,1,1,1,1,1,1,1,1,1,1
561110897152,37766,1,1,1,1,1,1,1,1,1,1,1,1,1,1,1,1
561110907049,37767,1,1,1,1,1,1,1,1,1,1,1,1,1,1,1,1
561110935774,37768,1,1,1,1,1,1,1,1,1,1,1,1,1,1,1,1
561110954737,37769,1,1,1,1,1,1,1,1,1,1,1,1,1,1,1,1
561110991398,37770,1,1,1,1,1,1,1,1,1,1,1,1,1,1,1,1
561111021943,37771,1,1,1,1,1,1,1,1,1,1,1,1,1,1,1,1
561111055861,37772,1,1,1,1,1,1,1,1,1,1,1,1,1,1,1,1
561111093451,37773,1,1,1,1,1,1,1,1,1,1,1,1,1,1,1,1
561111127128,37774,1,1,1,1,1,1,1,1,1,1,1,1,1,1,1,1
561111156035,37775,1,1,1,1,1,1,1,1,1,1,1,1,1,1,1,1
561111189904,37776,1,1,1,1,1,1,1,1,1,1,1,1,1,1,1,1
561111251180,37777,1,1,1,1,1,1,1,1,1,1,1,1,1,1,1,1
561111259598,37778,1,1,1,1,1,1,1,1,1,1,1,1,1,1,1,1
561111282069,37779,1,1,1,1,1,1,1,1,1,1,1,1,1,1,1,1
561111311083,37780,1,1,1,1,1,1,1,1,1,1,1,1,1,1,1,1
561111344720,37781,1,1,1,1,1,1,1,1,1,1,1,1,1,1,1,1
561111388932,37782,1,1,1,1,1,1,1,1,1,1,1,1,1,1,1,1
561111398525,37783,1,1,1,1,1,1,1,1,1,1,1,1,1,1,1,1
561111429570,37784,1,1,1,1,1,1,1,1,1,1,1,1,1,1,1,1
561111460859,37785,1,1,1,1,1,1,1,1,1,1,1,1,1,1,1,1
561111494918,37786,1,1,1,1,1,1,1,1,1,1,1,1,1,1,1,1
561111525051,37787,1,1,1,1,1,1,1,1,1,1,1,1,1,1,1,1
561111557471,37788,1,1,1,1,1,1,1,1,1,1,1,1,1,1,1,1
561111626219,37789,1,1,1,1,1,1,1,1,1,1,1,1,1,1,1,1
561111634722,37790,1,1,1,1,1,1,1,1,1,1,1,1,1,1,1,1
561111653757,37791,1,1,1,1,1,1,1,1,1,1,1,1,1,1,1,1
561111687380,37792,1,1,1,1,1,1,1,1,1,1,1,1,1,1,1,1
561111713609,37793,1,1,1,1,1,1,1,1,1,1,1,1,1,1,1,1
561111742136,37794,1,1,1,1,1,1,1,1,1,1,1,1,1,1,1,1
561111771762,37795,1,1,1,1,1,1,1,1,1,1,1,1,1,1,1,1
561111803112,37796,1,1,1,1,1,1,1,1,1,1,1,1,1,1,1,1
561111837255,37797,1,1,1,1,1,1,1,1,1,1,1,1,1,1,1,1
561111867111,37798,1,1,1,1,1,1,1,1,1,1,1,1,1,1,1,1
561111902501,37799,1,1,1,1,1,1,1,1,1,1,1,1,1,1,1,1
561111974870,37800,1,1,1,1,1,1,1,1,1,1,1,1,1,1,1,1
561111978419,37801,1,1,1,1,1,1,1,1,1,1,1,1,1,1,1,1
561112022536,37802,1,1,1,1,1,1,1,1,1,1,1,1,1,1,1,1
561112043783,37803,1,1,1,1,1,1,1,1,1,1,1,1,1,1,1,1
561112063665,37804,1,1,1,1,1,1,1,1,1,1,1,1,1,1,1,1
561112085938,37805,1,1,1,1,1,1,1,1,1,1,1,1,1,1,1,1
561112118422,37806,1,1,1,1,1,1,1,1,1,1,1,1,1,1,1,1
561112144555,37807,1,1,1,1,1,1,1,1,1,1,1,1,1,1,1,1
561112173607,37808,1,1,1,1,1,1,1,1,1,1,1,1,1,1,1,1
561112231062,37809,1,1,1,1,1,1,1,1,1,1,1,1,1,1,1,1
561112244760,37810,1,1,1,1,1,1,1,1,1,1,1,1,1,1,1,1
561112278573,37811,1,1,1,1,1,1,1,1,1,1,1,1,1,1,1,1
561112342476,37812,1,1,1,1,1,1,1,1,1,1,1,1,1,1,1,1
561112351031,37813,1,1,1,1,1,1,1,1,1,1,1,1,1,1,1,1
561112378855,37814,1,1,1,1,1,1,1,1,1,1,1,1,1,1,1,1
561112398617,37815,1,1,1,1,1,1,1,1,1,1,1,1,1,1,1,1
561112428774,37816,1,1,1,1,1,1,1,1,1,1,1,1,1,1,1,1
561112459517,37817,1,1,1,1,1,1,1,1,1,1,1,1,1,1,1,1
561112492241,37818,1,1,1,1,1,1,1,1,1,1,1,1,1,1,1,1
561112521901,37819,1,1,1,1,1,1,1,1,1,1,1,1,1,1,1,1
561112550743,37820,1,1,1,1,1,1,1,1,1,1,1,1,1,1,1,1
