Epoch,0,1,2,3,4,5,6,7,8,9,10,11,12,13,14
0,1.2656701218608044,2.2533407842149917,1.5383005782922456,1.4788590495506573,3.928958465646993,1.4723318040243691,1.6073817683946787,3.7541482696374846,1.917959882807019,3.4723132171268625,4.718201851698277,2.1083210617635997,2.1952582002655423,2.356367087860845,1.9464859376967514
1,1.671734341522669,2.087890408506672,1.692561862192852,2.2493205413735087,3.4098950210003722,1.5483680310198755,1.8670341346339299,3.5678369609385436,1.632450200432126,4.502757730225425,4.196959859535017,2.334718589947841,2.569664234716015,2.27858100720514,1.5712140410339335
2,2.839216889501865,1.3684788667460115,2.0720347155321153,3.5441252763913185,2.1594452151570143,1.7974080253359217,1.9670757561057046,2.2970671117526447,1.4916892460020694,5.687663405685688,2.753934985783376,2.4987959335992653,2.2769190344611734,1.0571928118693834,1.7455547249005408
3,1.1716262678438198,1.9188973998522,2.1550809456091855,0.9655655097683109,3.7789600393802165,1.9251997825018012,1.2719044258214032,3.257298159461447,1.6006035818607467,3.161167199480146,4.479528093301826,2.510593730788786,2.0282986570998944,2.149142269126856,2.010282641750034
4,1.2457376587915923,2.8619901706282223,2.3117989723924386,1.1630296638025959,4.221633897323222,2.0170843633810316,1.7616488696205437,4.074271997189693,1.835018047573386,4.052688702351172,5.155094433151814,2.795864491668595,2.049726267013374,2.694590150471583,2.396270810802506
5,1.6408537633664364,2.070844635060378,2.359709260477422,1.573168354121394,2.0720706533549356,2.2302066566535443,1.9872188526582975,3.1403992895547694,1.8882075061944348,3.8930538622475233,1.9485889930468843,2.8970498372083964,2.4951500983666413,1.4116548283419335,2.4438085939706897
6,1.6544889896907684,2.991051205642745,2.30233713478485,1.8230804385757668,1.6030155494942038,1.978648930401481,2.160371177530258,2.5316054877746503,1.7863791784689262,4.481971444651242,2.6414834158746987,2.8461238818648655,2.6823492389374284,1.8705648020551018,2.3615518381321876
7,1.9527186204904754,4.022686513579038,1.712985556856916,2.467897502776448,1.7806317566187648,1.3583449147159314,2.169037126536105,2.047276769509794,1.977560694853188,4.837277118609284,3.2527531747988796,2.2905530210446674,2.634586154694585,3.1232752675470947,1.741818971190996
8,2.2746847217984505,1.3842031572019244,2.153191024907972,2.9044039855158186,1.318764732462221,2.01138925268997,2.122682568019623,2.6735530047172853,1.61129274302523,5.1082946336674695,1.8711862870780727,2.6466768232475606,2.729407848332859,1.0014457883870571,2.1089395944071487
9,2.7454619558538553,1.5825855212677216,2.9103103842443714,3.3292441262053467,1.5540306951257141,2.3658273239275203,2.468576313646953,3.2714902246972715,1.9870619544098027,5.868163409055521,2.125796941160121,3.0979743435427576,2.91333805215722,1.2638462559042154,2.6237318708985744
10,3.548997278526476,2.2665015903411705,1.685595909262454,3.904329169195905,1.5873518945395957,2.9438587283102455,2.5026829812566938,3.1902975589909595,1.4205615325852061,6.684073131918432,2.535985331145683,1.4827884442961292,2.557986048467031,1.4660980199303044,1.1254913326054892
11,3.6078537512181583,2.693290186221028,1.2925667108089343,3.4312476022875105,1.7740052261385686,2.6968260415990817,2.330276926050619,2.9860309841995867,2.5148870758216346,6.416999192590634,2.841480383182869,1.8216186801112493,2.3757552074490507,1.8128718650661564,1.5963418325372645
12,1.788388336471639,3.3928027297016246,1.2577175341488689,1.4964884986444251,1.830202878487448,3.690930490848154,1.9521733530755818,2.8845522204947174,3.566034119511054,4.255974580113268,3.151838011178516,2.093479620668448,2.7359672499014325,2.0727894455004936,1.9906142438705174
13,2.3930708444995537,3.7250110286470774,1.095497158799899,2.7060980409423077,1.755724807335591,1.6534169379281913,2.599755152122218,2.6595765502635125,1.4504534788037462,5.230129431757564,3.2910512501147777,1.093617846532885,3.0984692111123437,2.3201403315867153,1.1917566423924721
14,4.202525501488704,4.203568401417142,1.1528424082752797,3.7243231443100266,1.9420524583113854,1.942965859970296,3.0520776973356303,2.6168543322402216,1.3522801313654047,7.207777830969564,3.718036010452004,1.2739131407747526,2.9673571330295343,3.0102416097238383,1.3612116252811257
15,1.1574605843879648,4.659406044984441,1.3958615584965408,2.3236009606799835,2.093274719587381,2.4959490549662995,2.0587320790078003,2.7222289779047113,1.7407638982692262,1.9801032303204633,3.849105742576736,2.110271144682601,1.0446787928977108,3.7561429051825574,1.8236959970946576
16,1.2281038531419382,4.500475754405313,1.2052163650063954,1.8584129265919074,2.0145451378397317,2.706824030471253,2.4724635029941977,2.7840109719810315,2.063805735676282,1.8239366995874453,3.5651722004246937,1.9000392840460172,1.4343028093397663,4.0742510299204255,1.9036841320983287
17,1.833941848319932,1.7370282779282797,1.309463094941369,2.50651197830906,1.7872641368557116,3.0757247754862553,2.508140644054436,3.6752526868787445,2.7447364619947443,2.0970284382607636,2.6261244951422724,2.144552271205202,2.0591566315286287,1.3634563115280798,1.9069213769701705
18,1.1275646636997347,3.5585759040045364,1.338835038868315,1.6044714076104254,2.1219282195906017,3.3565080015729905,1.370740367670801,3.186332337236551,3.3581685617546824,1.7515727288438403,3.606102561483998,2.3294990500474393,1.2731357668072418,2.3874251080842295,2.173721523298313
19,0.904380672917882,5.084598537734028,1.443682571062387,1.6991739349041481,2.7502540780854683,3.7121897180598245,1.5522050389101314,3.5857227480367504,3.806322160763235,1.959099475880599,4.6076420961221665,2.433548992276599,1.4479558071389478,4.5385194036582694,2.4313404090868143
20,1.338490330308387,4.764910376757638,1.4325717295328364,1.9661205423488541,2.0774125108103303,3.841176177344287,1.9593830832231518,1.2364666327512908,4.017127105734001,1.848682492042609,2.5657209069761895,2.52709319542905,1.5179596518037177,1.151656145083825,2.611456015238275
21,1.167305969243603,3.126765118169843,1.766783111469332,1.9990404371569037,3.177574236229816,4.258594021526872,2.0808831403005663,1.586851773147523,3.899738917592009,1.7590725493161972,2.2460296147341667,2.2286982828862962,1.566639347208359,1.6476651945435141,2.7348698043977464
22,1.4100182232525942,3.5343803969747336,1.3432509140693323,2.098407895182217,6.069114373574686,2.5145910040896315,2.340365471828144,2.110895352886899,1.7224147054161822,1.953994691600287,2.5663714110935967,1.6569129802685312,1.6826511272903841,1.8670260679127415,2.0927680286563812
23,1.7661708113224184,2.0926105838776787,1.4711531652768215,2.454881775211836,1.398076422980495,3.4454325376439283,2.556517998742602,0.8895299064073071,3.14383931470158,2.0576986344049484,2.4558886840406218,2.6821314481370337,1.8252136178915894,0.600114063498339,2.3935669796910983
24,2.095923757678122,2.5741011739759525,1.9070022903242831,2.652098513273774,1.6997032872744038,4.46007283730163,2.702311643212709,0.9957309351330552,4.722621462727613,2.1006641788862566,2.6241430393926786,2.817094676570976,2.2269342998769384,0.8731495826525852,3.3446933919804014
25,2.4004656238671087,3.1948401187973663,1.6899389743125384,3.1229732322499952,2.228725890254589,1.9257507665863536,2.4919554436784304,1.2403616831999,3.0464692564056013,1.9955477771779468,3.265816312878357,2.0919951937558126,2.3105904287437316,1.5225484636810827,1.9022857779329743
26,2.3802691985828557,3.1837769686584,1.0844615149012269,2.8417142741166135,2.925689436377059,2.79726055380121,2.382174570912283,1.4649783481783667,3.2284100857606224,2.2260807561792637,2.7459735664902998,2.5584743190820203,2.531672163081254,1.4550600913229337,1.960972919426623
27,1.3913248197117358,3.421326517463934,1.5657902720881742,2.172219812572139,3.94775965147336,4.050088216674461,1.90430774413158,1.663722202915277,4.274164062489476,2.327907272308537,2.5505248094889104,2.9940537087645347,1.8126963898113024,1.70236674525748,2.0271516878363287
28,1.607757644349398,3.739274422818194,0.995385857763321,2.606021125332404,5.069102978724629,1.072553366464946,2.428557898887895,2.047461168452026,3.366116764948146,2.0070262737951965,2.4724863430729433,1.8205270160046683,1.9642220405647643,1.977238698495532,2.1108941992610384
29,3.0045933971114573,3.852717019092134,1.0040382279864775,3.873571162061108,5.917622416450563,1.3584078074431103,2.73994779397636,2.231839069040609,3.6109227656791387,2.218181761137588,2.614507722080674,2.1732424428978554,2.7915967107381414,2.2777818005145223,2.417398361558859
30,1.6740100625943144,4.156052937879202,1.1267016997703572,3.3190710133838346,7.1679657225228,1.9371778927697967,1.8592482561629355,2.5531708659771,3.966731078856935,1.3783010494117114,2.894050709791512,2.51697328728783,0.9066440412014092,2.068527388478082,2.5171652058462777
31,1.8221260818547222,4.04220812465429,1.1563002014527843,3.3572424162304553,7.125349442695924,2.465520375495711,2.2657429790038957,2.8270418559657857,3.7353667739892495,1.488804238125042,2.77121583965245,2.520310222650199,1.1467340164660675,2.0136574922376007,2.3927695522670596
32,1.7424152173351708,2.8523192305522627,1.3246852954340496,3.741508348925519,2.2214700811916916,3.1373817903509633,3.3580733545665913,1.089031826274337,3.910152149614775,1.6184370956747218,3.340212829071809,2.713225376905492,1.2835652150728634,0.9709237604578843,2.2247829600904256
33,1.04055598233254,4.041123124076032,1.5111760823020806,1.717221215935712,4.4422743681962835,3.7151921591617763,1.7952442850425263,1.790693094147631,4.305322941111987,1.2887433077113797,2.9238427582852626,2.973463781540677,0.7311575819691147,1.76552341185878,2.1879709566612653
34,1.2654234024043907,4.965332072476365,1.873795964619095,2.1385148144888304,7.895957100962223,4.561274085614123,2.014652474133953,3.092884362999569,4.950100756061122,1.5264789931036158,3.075794342276803,3.1252637688699223,0.9563516423186071,2.3468987528748073,2.043093936071702
35,1.7783054939509362,2.631180128059431,2.2359735245118837,3.093700504053581,1.5565487417246706,4.870396547212304,2.0653073867995375,3.0270791550165628,5.4055723627509344,1.9479774883625498,1.6744746501668553,3.3458902594440336,1.34679551141087,1.201261268386252,2.257505337859479
36,1.6706078178484152,2.311184405308948,2.2021192662605515,3.058690751906093,1.6947873596522334,4.6824820720798765,2.5584607588127715,4.252922098965973,5.295990171583147,1.687276377759673,1.6153338228270397,2.939382626704094,1.1579992171625832,1.5849323038310723,2.3683569487493603
37,1.906974106862999,2.4784506562848807,1.4581244602071808,3.437968591226195,2.391489399682299,1.5919349211230382,2.8907147207893233,6.138248228602988,4.590145632420035,1.737944761171887,1.8596754856782498,2.507326422484206,1.2040906468659385,2.0578306545792313,3.0020501699199493
38,1.8805377895118525,2.040438687915361,1.8901990126404358,3.7042984965351,1.4035043681178936,3.399039813053549,3.034651981518175,2.67493972687711,4.639787992234925,1.7757984469548638,1.1734095248911656,2.9719282628897243,1.28905703340764,0.9352291396900416,2.5515523313060267
39,1.9787735888119125,2.342322171374543,3.061779943894946,3.875248105808883,1.4329932375115626,5.312294200389554,3.8071415949807035,3.1185635278054926,6.478222770556322,1.9879890859349605,1.38850387117619,3.4927541704911014,1.4897436174189733,1.4421447243318744,2.663888766667431
40,1.969165473252505,2.830028037529299,3.113897860922302,3.8189301080862803,1.557684273732653,1.9197112850558187,3.9814315342785593,4.1779608633807035,1.3550060507175876,2.1112346327891425,1.5191922242706895,1.4312242288554045,1.5432772006715572,1.9317794901058614,1.9361558073892626
41,1.9480759141912636,2.701981525508259,1.7969363320063245,3.486993492966921,1.512796571274382,3.222663570221581,3.705174357380695,4.04923468139983,2.306048966164181,2.105928818025645,1.7226804802674782,1.8524601918466943,1.5944274879448344,1.6916468280641086,3.205136468200951
42,1.5092065054724442,2.8213095472215586,2.3266946271575084,2.4550935070551096,1.877214468731316,3.137809477490076,2.5676266302914614,4.77567663519157,3.1785845706644964,1.7681077318376595,1.7874085968318603,2.1217872391991675,1.2484715376422773,1.8347584069310048,3.6871663257287666
43,1.8798899646408513,2.912090434334704,3.0669889450017775,3.637830344115983,2.1274864240596245,1.4419031277231704,3.6496344604651005,5.472526989373271,1.331313119501288,2.1434242882475765,1.8559696150817186,0.940092210137914,1.489383996783121,1.8524008953262139,1.9992924210418002
44,2.313697245161802,3.0449289637054697,3.208997915053169,3.93341395352295,2.4903643660898096,1.802375963523258,4.808716446226072,6.618628946494123,1.5168367455030363,2.793235146828523,2.020008355945621,1.1893588822131025,2.107177615516041,2.0803273686153214,2.0640834746599857
45,1.2530231346259149,3.2440282430250047,2.732209029835257,2.2101768494828615,2.834948818619012,2.6352499809562686,2.5484785632449842,6.934968062080724,2.140153306689644,1.4668057727892265,2.189814690161477,2.159225113753934,0.7461078295684206,2.1282287539285965,2.9217770992325853
46,1.4662668433746742,3.2135801098009025,2.379065587074605,3.524988345005928,2.6625280572337138,2.879095317981473,2.8772612857366173,6.385216694883611,2.335579627225718,1.6617736643037342,2.0997728539523477,1.9952285392290172,1.4506701225903453,2.061018872481337,3.066151859380916
47,2.0076703337449207,2.939242591471214,2.1075258983006715,4.651393828735969,1.933578027149471,3.3865132562570306,2.571326299286677,3.780663004758709,2.608080729090079,2.0356074681239478,1.6570881822604402,1.9158271851820456,1.867017769840023,1.645822802406893,3.5353567461753967
48,0.8055790375475623,3.550779281218002,2.101674679595806,1.7881319565214087,2.130428752708024,3.5486063902520724,1.49902321300634,5.553162441128553,2.8270607331154554,1.0318073220269335,2.0502329880724997,2.1464167531632303,0.9108941912128061,2.1311873086139452,3.8011139240970913
49,0.9656698063079913,4.192231213011842,2.5824418646588883,2.031231913633119,3.304556250338193,3.585419330351656,1.795307838334854,7.757892478973374,3.3878830569413982,1.3789593292518765,2.3511837864776766,2.4010023946014347,1.0361637923153977,2.1632194342047075,4.069482873493612
50,1.435782185240881,1.6183643475947296,2.7775009519675335,2.5745538657532943,1.8091746025463171,3.6517973537959314,2.618824560618105,1.435946629295815,3.7635295151909305,1.6494751463126587,0.9909323526039934,2.220912714125253,1.5850900160038364,1.6311087331896075,4.293296501973389
51,1.3398255177620366,1.3655914277478567,2.6929952653370877,3.032639697523922,1.9540687263421253,3.138137280926489,2.8266758545450834,1.7562788882192826,4.138811715417324,1.7842621778697394,1.344983225997831,2.2569651843987972,1.4442745903713452,1.76795515165535,4.095537681782431
52,1.7560782250812517,1.7297377070684146,4.568039659745264,3.6855213268814344,2.1573654608972666,2.130954467332691,2.966729525590172,2.052321382539711,1.9312549493835336,1.9179860670456157,1.8632839542356976,1.6840323496619003,1.6800644043766069,1.7019093349705416,2.6786619431140073
53,1.9137180561274025,1.3898591549237138,2.7100576564525984,4.428822484381524,1.8085830444556166,3.652876559495192,3.0886314586657018,0.751415414658634,2.8396654690855723,2.055464941747139,0.7354320848632343,2.188955402492526,1.9613074798199255,1.6297290292280089,3.9653516940045237
54,2.1549857114807462,1.3540331049789005,3.5090643786076705,5.024458424082117,2.1316388726267137,3.9781162169012445,3.1070055312127995,1.0799738733731183,4.523994772804279,2.3988519721727224,0.934440249090252,2.529948992315972,2.3429855592845654,1.8198113224321029,4.59092439928435
55,2.327569112540672,1.5614921539475834,1.8153821008968851,5.490781171611069,2.0967502006016825,2.4596743519942845,2.987550533536458,1.529890818964612,2.1871622340156076,2.4859741769284778,1.45232619069977,1.1897839470301859,2.3711476498042243,2.362061750725621,1.8763856177481453
56,2.2332850197103586,1.4634490350539353,1.9821975523739415,5.38291201575246,2.0771180909385807,2.8986934729161073,2.8348690260752303,1.6887964812391736,1.8864246167617755,2.9300959452418636,1.3658050059776243,1.2051896167722904,2.3291191501877853,1.8026615023334485,2.289053957922377
57,1.1363914256633718,1.5844395234010547,3.1857550692142813,2.26513965604899,2.0566698095947364,2.8539335671828985,2.0750042893699,1.9099761569199865,1.6878171991831785,1.4164046085012716,1.5015740389075949,1.4516766824459466,1.3480380139187347,1.7643369905684105,2.1953347065611504
58,2.0987045022474637,1.7892696695767598,1.4050702649520708,3.9042555377861645,2.1003089258028136,2.060295445820301,3.117227616304944,2.1200521451236622,1.7759610691053607,2.128141843526964,1.7129250548790642,1.0702648942820436,1.9512588066690952,1.795507897792041,1.6178407069481398
59,2.9143133507503824,2.047870005640724,1.5380142958114869,6.49674210383545,2.332073617311632,2.454257845738837,3.3926630971772958,2.2862200872179193,2.0171633483363993,3.2619186980962924,1.8131187438492324,1.3932547933715034,2.7738580418069945,1.8272873203720135,1.7771317632401438
60,1.3220034610259415,2.216367310136896,1.8541737368445879,2.2686262860249777,2.3685233472558496,2.9507853470515757,1.6920475241168536,2.169694125961535,2.1529628391552746,1.0102923000211204,2.2003094716580702,1.6740995616290546,1.3064275888505186,1.9118508776900698,2.4942689633392403
61,1.8562879241925914,2.295669935249997,2.1193510479902384,1.7176508575763605,2.26886114520684,2.9950753502954375,1.6378993709669323,1.9769740511321345,2.154385722404229,0.8996451356879225,2.2416224353398477,1.3744896345012385,2.0471580408493404,1.7215364144955223,2.372431281889635
62,2.5661093516201703,1.58955366257219,2.5271351713985086,1.898194744950651,2.4323865977926067,3.308289575406302,2.419318446370883,1.1387009494503615,2.1198622957063384,1.1643810723924592,1.2095554412120915,1.549861410043164,2.404483021988702,1.973472509798848,2.547438599331267
63,0.8324111697873668,1.899156854766965,2.8872741040161682,1.1319415579333962,2.313944231918789,3.2070903384229323,1.262747786437588,1.9921595911240884,1.9707675596037433,0.5575283204379313,1.7448769332043692,1.4579865013701419,1.4272683571559706,1.8745307194119354,2.5830440615197725
64,1.1021721683660664,2.836492594147531,3.4577994721500485,1.3505811096793507,2.650444954319185,3.287852697452528,1.217603469691979,2.498955880538565,2.147274383861012,0.7180279668976446,2.441680999617321,1.5177724055062318,1.5406861837579133,1.9850006296305696,2.4677684784345746
65,1.5797977186888454,2.565195756034396,3.7302430008355723,1.5982556554424034,1.7642907032713016,3.248951801680874,1.6476792972949328,2.4054388971893848,1.957053573577642,1.1270657137131894,1.8986556657537694,1.891539812712206,1.5303747883289944,2.2010080834722676,2.559882659752492
66,1.756405240555782,3.417793030839253,3.5040648236202303,1.7193806951861845,2.0768140891269002,2.8267599239294885,1.528491256624762,1.9460075509510795,1.6391231565905862,1.0391681850673884,2.694564656023922,1.8848071485735347,2.034789322673667,2.0344925891986603,2.4213786254637535
67,2.1541003248679726,4.548586379890862,2.2832041841466877,1.9392006561476458,2.7811090105311482,2.909442254821114,1.782697511637613,1.7826681720602604,2.2691999024788903,1.031548941964806,3.3330534196810393,1.641875998155121,2.237258498674572,2.346786342915347,2.3512782326752886
68,2.673977671887964,2.3512526676021865,3.2070464967866776,2.0679922246351916,1.0209927568526882,3.5244437868336824,2.2040487537921787,1.9602961460129664,2.435613666690439,1.097090008527096,1.5430323036270928,1.7597281862936711,2.4112683415566414,1.6296240341518433,3.0272055115426184
69,2.86804421332353,2.745726062622892,4.314980821451383,2.260156673938695,1.6657535809219557,3.5688376473228858,2.4664994969962906,2.1254763984993095,2.3938856271203015,1.234156266458922,1.8430792222973735,2.361004585247841,2.5222844928882533,1.9242802645067516,2.9464250848369073
70,3.1748085332949056,2.997323301695202,2.6652229907734943,2.147526962987147,1.9532373487595218,1.8415062291922202,2.54818106377619,2.348270598843887,1.3873859016546524,1.521496003973843,2.3979531127678113,1.3572935012841556,2.631925086810236,3.26843166240695,1.6258990162573002
71,2.8858212251390665,3.439473953884032,2.158783048029577,1.9075962144430383,2.350189020736139,2.1003288852041617,2.7027524417447446,1.91805405821946,1.8655699524212157,1.5225913604296903,2.3978295944144206,1.830461588332165,2.446740868386154,2.414622968373851,2.4043137332000493
72,1.2662274685994255,3.8867462611624286,2.2139038045290373,1.3538041695465994,2.596093678205864,2.00573964664462,1.567904859267461,1.8970742351139458,2.3372773517533716,0.7401406357971573,2.887938192733561,1.6555586819904013,2.120430516809353,2.698554271752335,2.617626655892999
73,2.3331997750642106,4.5106821606966925,1.8161716462056563,2.0891778939971357,2.497004761921332,1.2140613680061534,1.938135431623165,1.8282251670474574,0.9226367737083588,1.352408505660914,3.226615345005472,1.0834983785117267,2.3166976668921757,2.7706664175279254,1.652683416387232
74,3.5062981357677123,5.030268690844502,2.2316377502149973,2.7140841055622813,2.875795028223767,1.4800063839815056,2.8161686055147452,2.0268505305467204,1.4325444935898302,1.7881664086977,3.600739085649459,1.1912136157673274,2.7707537879236708,2.849671091364642,1.835822170021748
75,3.1413091035145224,5.150987651846091,2.4133710166845592,1.9281361295474113,3.10873422825074,1.8762786212108997,1.9721306714516873,2.1129671769336844,1.7312973567566046,0.9329514724652491,3.9151859497816823,1.696330866122802,0.9665287179282616,2.9796487600791086,2.2071383823422717
76,3.1700288392109086,4.422510199226189,2.1880757805279165,1.8592128229035485,3.0370775620495554,1.913943594820525,3.5630691061736273,2.1495405619598213,1.6378718184253958,0.9946616432535392,3.704749675677852,1.4882904133259578,1.5539204731109038,2.8645731449131437,2.4987169114991463
77,2.8901651675781768,3.201905903168803,2.2966568014736852,2.1921740250718074,1.8631854137297237,2.1555149344197,4.809495870550751,2.2276370074094323,1.8689953790407259,1.2217033008855147,2.3885889933774025,1.5951426715973482,1.444847740493192,2.520408651343616,2.8496059251822694
78,2.18709446055529,4.179420341934182,2.458276288693209,1.3354828266243493,2.8130874592455073,2.1442290400395043,1.6833041220397538,1.9686782407222,1.9944639939176532,0.6421812401907073,3.1232764899830303,1.5370444735617632,0.9488606013086657,3.491951237325234,2.7770320583695884
79,2.691620956030083,5.950164215476407,2.5625485530758803,1.596876027355104,3.383671442999761,2.19089300170726,1.8869548974492802,2.391213166245505,2.288643676334115,0.771401894945075,4.224537889952712,1.7948852201690118,1.4465361804865053,4.026720557839393,2.834694743195145
80,3.195640664507523,1.257767090439773,2.873003537387806,2.0018107949578696,2.5371251355012485,2.2703547233942003,3.1506991016111825,1.8101125380483445,2.607597593716977,0.8764075964616251,2.803050399260958,1.642597152604159,1.6934399891367968,0.905914151420659,3.340718636672667
81,3.239090162435736,1.4021788497200114,2.7876729566580645,2.076781732067867,2.589934100748514,2.3131639195910454,3.096332416796717,1.6021424077637714,2.865780013090224,1.0666216905473134,4.086990513966617,1.66859554051241,1.6000072543467752,1.0964780993610452,2.9645207438349477
82,3.1908399805442342,1.746547841276585,2.299491166175945,2.1938533007419974,2.40937520484979,1.554459325501718,3.890079034961269,1.9542516467972755,1.4433593275989551,1.196282685616412,4.535245155194328,1.3544373084880945,1.5935012797417998,1.299693505946555,2.5545240960070417
83,3.124134861576446,0.912411338062131,2.571618318717947,2.4054394412170725,1.7769730286585237,2.226588326435071,4.365675140598252,0.8736468129533699,1.9701174644825452,1.2295534315980832,1.984059115903904,1.611247926329445,1.6873006502534535,0.6912890949792176,3.3013089830403013
84,3.1856719900967994,0.8999194868496438,3.3528485896755345,2.4554759356445945,2.1612362919547157,2.457507774230525,4.910180545146352,1.2361111478009448,2.9433301650088888,1.3468457550115391,2.6221910038345717,1.728089908091766,1.7701966080783464,1.0435041847296191,3.950101606185511
85,3.238037324639681,1.2530968993812117,3.4441074506053413,2.6165246881710646,2.367115969075064,1.482508111140215,5.450695919904398,1.2005158044494117,1.4754959930166405,1.469436417568005,3.2668922277703785,1.7525005774728142,1.5300127551546654,1.2382994794236644,2.91839206940726
86,2.7384982682557313,1.2286664563770713,3.036082149776522,2.5554950754761228,2.619029281375407,1.697332487693134,5.501830667780682,1.6513744640074863,2.3708478525633003,1.6662467542290673,3.928489582391458,1.6985376914254071,1.506106038977766,1.1697680579104166,3.848803354175069
87,3.1140242262586773,1.4026392130894334,3.2512609993264903,2.158470312470614,2.6111507967488934,2.3161188004646505,2.4665197977053177,1.7621402025531379,3.439977771714407,0.9387708217155117,4.223056326481251,1.5885753320506077,1.470575729723633,1.3665718457939255,3.7183312929014005
88,3.331504577329382,1.6325450627341374,1.9196066370004785,2.592413062623644,2.6634453328326075,0.9253541366876529,4.0915135029710825,1.9314843050896566,1.6755314291916372,1.5558952570864326,4.515556163467141,1.6945063575215453,1.8681796929690453,1.3880489479880511,2.7700786480932846
89,3.466973254317328,1.8728993225534794,2.4461921909616864,3.0528706418418863,2.475228226833684,1.232922008019312,6.459570082052311,1.9100535696543208,2.0496940465409335,2.074106926865247,4.757788848806371,1.6734300664778103,1.7630808383912908,1.639232380659431,3.1021738665680645
90,1.226082021334478,1.9363140166540012,2.9909714906482745,2.380143349088974,2.362150577378956,1.5232406365514262,2.191031952671291,2.1882875404802955,2.4335499940184984,0.9389482574401353,4.733271328139432,2.084002312694863,1.8147756808798023,1.634551266656316,3.412833669942027
91,1.6548398143570524,2.0753467599460502,3.0339835571682765,1.7388124820926212,2.3201924981232387,1.731346029866938,1.8913824162721387,2.070446752777888,2.3891658381144922,1.0050771707540067,4.413654881568278,1.8397037096462672,2.8132865898544908,1.5246862256375762,3.975290497527081
92,1.8754060702175712,1.03033412611772,3.2702911285422256,2.266436933517536,2.2884016169430628,1.8594302198245818,2.634342598260523,1.1478321002677727,2.891615019127017,1.1545648263332853,3.211723744607333,1.891341414325115,3.508422146394508,1.0611958507810257,4.190976719673544
93,0.8895028477499136,1.4731597492076918,3.574510321801445,1.3253722755480206,2.715397983813413,1.9338032971495267,2.0686933451908858,1.8603627684837767,3.2147569479436693,0.7540155104210543,4.633094765724263,1.9208915499617043,1.7530816146571453,1.771020462744339,4.300721374490484
94,0.9358990245938178,2.38276640603746,4.078979075465789,1.476057360423229,2.5068817374133916,2.487664562642045,2.2372025057638316,2.470693328302403,3.63015580897147,0.8158368898049886,5.293658816756834,1.7919420204659917,2.150593066770919,2.082615228252537,4.549550528771498
95,1.5533397191172393,1.937437961107129,4.305620175934122,1.8785127374350337,1.5986745771302782,2.693676452805139,2.461284855658141,1.8328388403848919,3.9114957693487846,1.085601851612626,2.077315174396087,1.6592249314677472,2.514402256814137,1.7633053381955388,4.075111121533874
96,1.4884744498440081,2.636805316528735,3.8581382065768484,1.7715932125193978,1.6415729086858135,2.7905989556904367,2.3112937420107222,2.3325313726782855,3.7120671684660573,0.872430995714452,2.8240533168303337,1.4551097814914706,2.8179268022253536,2.658122537401479,3.7975183512584625
97,1.6167607162445303,3.1283019513539987,2.565120766414823,2.0354691412865895,2.7406766575495256,1.3571867589878943,2.5056898746103324,3.290680197474388,2.536330251662372,1.0872010737020292,2.916171978908354,2.34403116348471,3.2175765891278925,2.5372717654715777,4.042696702207426
98,1.7101486237509982,1.2685579189097944,3.779959007787765,2.156535341605575,1.635741827900283,1.9856705582496585,2.746143227840116,1.1029099442924437,3.441946918678628,1.3275074228008232,1.796176154237025,2.0667204875987735,3.299720598290602,1.4110652082776023,4.491396002987417
99,1.9172284338778398,1.4710064216820966,5.185102875309547,2.525386944614647,1.5944932612232943,3.2226743427345106,3.1245408784869744,1.3987688034328731,4.740461414517642,1.4197262080146709,2.336190209220035,1.9280556881038322,3.8402486384968686,2.0625836148390326,4.526096958812272
100,2.14023136520163,1.9757710909914266,2.37805277908878,2.807361177060804,1.751666905973195,1.3615254753737551,3.354993245462374,2.1335934708052804,2.8915968375812544,1.4395004018601403,3.1886495710165956,1.7823340871644555,3.7419837541267587,2.1855653663387185,2.718406654335278
101,2.046391513744958,2.1776783094095356,2.769860747322608,2.4469178907856937,1.7784619043683478,1.9371463099831718,3.1973554284747605,1.9715765128324207,3.680550101602924,1.311614106712607,3.1477683263073555,2.8636717603257353,3.438526190065076,2.4728837336872194,3.4574013496496345
102,1.2429977568658919,2.5070437466845905,3.3405086318125554,1.8075968391355393,2.0717845369636065,2.660344508185946,2.7179553934038,2.4449594584470224,3.332069764784069,1.0599028186412511,3.183248666705098,3.3313283582326334,2.9171975922589914,2.495210836954564,3.890561248924328
103,1.7730557277445784,2.831682375634368,2.3746060945198826,2.190187894219951,2.4125019801422996,0.8376852672389561,3.1410035844927773,2.968286517545545,2.3254100649086498,1.2180942172967544,3.2578101445163945,1.702772552493032,3.7584374444877797,2.5951722435150146,2.5203282950297274
104,2.3799420504669833,2.9238707809942053,2.190142263572654,3.0590700925044465,3.3039144883745224,1.1510696976545391,4.4175035800857065,3.4709617571146287,3.3634338349852433,1.7747779010296578,3.489422564437354,1.9970894677451005,4.247162685266401,2.587137344296109,2.8195730533193553
105,2.3057233668472152,3.2714438080590336,2.4889456978400797,2.8300547360978654,3.601193740451946,1.7201851735125693,1.9985410774670591,3.6050892366513176,3.8250790781103836,1.0683644135048784,3.3131347211510294,2.6490182122897212,1.76396362748263,2.648111002163544,3.464937627059694
106,2.0244595359590996,3.0975479904934446,2.553930779087805,1.76546207503751,3.6430825886825,1.9603435527903503,1.647100993840168,3.659243385103494,3.9110813957475044,1.618568533558638,3.2951582148513627,2.722405004382448,2.5831355523176858,2.3883415055861326,3.5773912580064042
107,2.56475131509845,1.6401516787204728,2.8404877593230813,2.0040009635593408,2.063586007145063,2.159684876298649,2.5138710053542277,1.620307076148609,3.9949637762434502,1.5522672585444404,3.1146982898044264,3.248476550566278,3.0060554374818254,2.1438657358012696,3.8604073773242003
108,1.1783852152513712,2.3881738248711533,3.19884909821609,1.6254599207350175,2.6528667799059096,2.4071416706461153,1.4875186485898932,2.5876235801472514,3.8879373888745343,0.7858001061893533,3.718236499994433,3.414220847369451,1.6634007612184718,2.611471238107168,4.090226452317279
109,1.4264919130954785,3.192489941228507,3.762012415966443,1.8762040572384031,4.620602293293003,2.8106921460913075,1.8966870905297242,4.095090703776,4.07641785731805,1.121160672326921,4.108965597381883,3.815037072762473,2.1085294016805283,2.6285797065643512,4.174226531365177
110,2.0834248285057333,1.940709409779496,3.9506330228867834,2.063683975917816,2.4042963684740832,2.8724173091394616,1.8319190953881297,2.0643858754217312,3.978628302782286,1.4609776265830687,2.1558673744908257,3.913333039556538,2.7608534882884723,1.4292664243542987,4.415419578283804
111,2.0258642888839122,1.923919659071498,3.5872018467005136,2.151029583919521,2.0856766255731802,3.049241018974301,1.739414967802207,2.5674018685072904,3.7508147637918148,1.485731141985596,2.272081940354163,3.442244490011732,2.471299108361052,2.061316583949673,4.519734495090553
112,2.4633539938723854,2.726270608595346,2.636009467067141,2.193318407255406,3.5747064302593348,1.5360498027573075,1.7714738412638686,3.175154294491028,3.6695496794316957,1.6696204552907847,3.2377337271186377,2.6916370589968093,2.725048365420831,2.0994323081952677,3.7734046246958766
113,2.679892959646949,1.2513605131399759,3.2647635196806086,2.2293365445393,1.6721650323581294,2.436649959343972,2.0105209010739755,1.9062235684155773,4.6190774650738335,1.7847933053336171,1.7030524089130705,3.4171767628090906,2.728219664161907,0.864032575721864,4.355837184734898
114,2.8793741716334633,1.381704112551202,4.58488800843177,2.3340782718851094,1.6881499041502694,3.6867662086051265,2.3850993060096886,1.9460872983279986,4.967224258889617,1.7499880693616492,2.129089462060704,4.339781206694822,3.1529056442552816,1.3285246267868775,5.476252931821385
115,3.2429895337350287,1.8869543200027854,2.440772416040793,2.675858235723885,2.2775032280384555,1.497512180767416,3.1765866415593687,2.4892206690430005,1.786677992170257,1.7452548815379816,2.7210453367036815,1.3709787620403144,3.317320185032698,2.2167128643716216,1.7045648792226316
116,2.8090899974133325,1.9774112047599028,2.5814864151170855,2.5348473189540295,2.419032249272326,2.4694695433115936,3.6225582837905255,2.4030651644727152,1.4253299049447161,1.6317103061417004,2.4320187545090675,1.3946732323983702,3.2078432347420573,2.167173206428817,2.3928976831927438
117,1.8312687300285175,2.383408238608452,3.7526933345396483,2.4525153832053768,2.947897919231798,3.9341248519439715,1.965430278754906,2.7410962987324816,1.9442845083782183,1.3196809506588796,2.7940294758764797,1.7155528708128458,2.1675908102195987,2.191545443291478,3.0761957875247377
118,2.6857096329106254,2.7669923695632006,1.8427443665406074,2.6562513430506494,3.20463183656203,1.137296970522731,2.0836419150680916,3.21399510010422,1.287004479632133,1.7912982457359257,2.9455385757354886,1.297926803736444,3.018363461903182,2.1784168531330623,1.166020602516025
119,3.2508764599781506,3.071042188407787,1.6984866486211436,2.9476414702135076,4.106754911391161,1.468179652777952,3.9162313990114765,3.438769464374054,1.6221533950511715,1.8053890456908028,3.595176947433417,1.2152521459426666,3.3802979438816965,2.3355705266691262,1.3072912246119295
120,1.5654602123121384,3.886529524213003,2.196386986218956,1.9516491894289139,4.796820554130805,2.0137445568093155,3.7107664293293525,3.8622394806833666,1.7882518713330688,1.6231051991473324,4.05238676206035,1.6461074183659379,3.0470864586290514,2.251051716017547,2.09288566409111
121,1.902569466618337,4.021476314609878,2.695446432967092,2.2861488488907558,5.010129658760227,2.315288231557711,4.510919163580782,3.7152463341515527,1.5306759335203806,2.086423168390857,3.711214508440872,1.5023317891997936,3.674184264225162,2.1489944395105955,2.2556392082602246
122,3.002444281521044,1.6930500418933745,3.366320084016161,2.679378677150014,2.47239213766071,2.803414065095756,6.5805801897856675,2.7848734299849927,1.7235163545939167,2.4515685897622794,2.6918373556581767,1.7057082091265097,4.108520766554722,1.3944834278446796,2.611321722290558
123,1.2478826000114753,3.1130666216062375,3.6775109831152557,1.6055816781998606,3.764981231056494,3.2524140184700028,2.836138982326086,3.153649184682914,1.9599835178731535,1.378183823093808,3.5460524821709702,1.8640471245318035,2.424986609116404,2.2495301043796947,2.8992560901581363
124,1.2474558267908127,4.9265510902948035,4.254220993336383,1.6692618772259817,6.164015723902613,4.020738154549781,3.3595265795114346,3.9562536012591494,2.1998840135218214,1.718130996237548,4.8412398434391095,2.0529215093894875,3.5322831224002886,2.540326356123614,3.527704333872478
125,1.7362368308489258,1.3663289290314058,4.765386679535109,2.034033951816868,2.9915541287023646,4.692816153613679,3.9240564402014515,1.3936205067921792,2.4984767533791294,1.9233266131177178,1.7533352089836112,2.1450718861323885,3.9963874778704795,1.418953155841057,3.6131580252211144
126,1.5927737519027203,2.0572981011982794,4.952468738351794,2.296811146806154,3.0337330837975274,4.929987123951627,4.426459005587123,1.9700088948429026,2.5127647424236375,2.086325565642594,2.1566067926100727,1.9959671890882058,4.096369210100051,1.6464414960223106,3.4001630571767363
127,2.112474688095277,2.4318854817538456,2.341265490841317,2.588635211201707,3.0417992202901036,1.9385954100382325,4.7571066757631675,2.7940363318414874,1.9330016343851915,2.2987091738859826,2.526041886316103,1.7296454804483896,4.464310951395987,2.0164830447603412,1.8038561512513216
128,2.5326692745419783,1.0805746873723288,3.7026353925427253,2.814381606895055,2.0710718727869706,3.122707098289336,5.497151346181041,1.12034894960056,2.0771466177975757,2.4946677353542177,1.3954057014229937,2.022690623611475,4.644738070106721,1.2821647126364188,2.9124218067811363
129,3.079455798693948,1.077770697697959,6.047160081281051,2.8928284696722684,2.4706429192049915,5.235988696239657,6.712486225759901,1.4514122487784245,2.9288247513140244,2.8148317021211287,1.9186164830650598,2.5696479513722066,4.881957964714699,1.296694287299112,4.090712808086039
130,3.5862253759908937,1.583495138509491,3.366433004417156,2.9463377363571857,2.9570623588907248,1.4740240432992673,7.192083590476043,1.6942947353574047,2.1065538053634785,2.7339325975833604,2.2432125581147537,0.9396985318192,4.982211213883362,1.4761001987764992,1.461234558583557
131,3.9719485663148273,1.8440398476950848,2.965380553518585,2.75957381587248,3.3418173683297985,1.9499356291057273,6.780359020292641,1.9609983302857448,1.8503978112260757,2.847533552212393,2.1520275269531544,1.1661702908080067,4.5195640956337275,1.6070455662942993,2.1958482046430983
132,1.4199105742246971,2.277475068322531,3.7773348608169206,2.1148155445950123,3.6129057352685723,2.856134325902588,3.759616003529587,2.3367308096885147,2.229123031314006,2.1162278437451705,2.3262449638972136,1.5152415455246462,3.4056894866043246,1.8221001714451204,2.5478539254603794
133,2.1851143601132375,2.461840626969319,2.1500258024080128,2.931288208726399,3.523050861604197,1.058814138350774,4.9108032673629625,2.514483983436119,1.6087880814824962,2.6122930638677877,2.4480889208515437,0.8355933339926022,5.095096131571656,1.9888980558730478,1.1158959736040677
134,4.141384422944315,2.7468734831013144,2.4999598468881308,3.458869413402435,3.906633781157215,1.159595718014809,7.900145915764619,2.987013250520582,1.4780549308386985,3.5117123717846357,2.681023032389012,0.746250971342526,5.571026689568339,2.0419111491713067,1.5539252017816672
135,2.9887990602300984,2.6997615829702433,2.834647636492113,1.3260855730474543,3.6508321675402917,1.6225666080347414,1.4165436239911342,3.2342861870619726,1.500793206085798,1.5447358422563315,2.8644653778259705,1.4933611237088895,1.6241525095070248,2.165563221794296,2.132825270377565
136,1.8908118150011834,2.462582297776079,2.871249563684988,1.3892205543597955,2.965584549803247,1.807589459703335,1.516019459062354,3.1559957374777285,1.6792492528753398,1.7981018431247968,2.644826107329227,1.1168728272769157,2.148394203827194,2.1318422882644494,2.109378563575005
137,2.322572389824948,1.2781931214603257,3.1879979797035403,1.4077779436064406,2.999525031192058,2.3749966621668275,2.426682031164759,1.5496297487367912,1.9720642595771607,1.9271166846759107,2.2053133179218434,1.1899051556932398,2.467658810667757,1.757391978482336,2.4017863696331156
138,2.6475303321635484,2.469507061179593,3.589070348115066,1.0113573654854304,4.03083424413996,2.7563856503297233,2.1124752678691054,2.675376141572579,2.0925565565575472,1.2103172596344067,2.5706572567460793,1.3435186873752227,1.1676883628295096,2.010431689237653,2.627053021512769
139,2.901604050460552,3.141676679388117,3.9665005977546186,0.9186807234505533,3.85927146440352,3.159951803118438,2.1932070094427676,3.7042864954882684,2.4205874322160277,1.4563704808912163,2.855533368709322,1.6237969546409212,1.5244817355100357,2.3685441749712686,2.98127438113719
140,3.070844007546914,1.5807580990872518,4.377007491075283,1.1983446852479376,1.8509456308093861,3.674130061219736,2.079715001429931,1.8834103891997684,2.8728958869452694,1.8817694703456112,1.2446742501687709,1.6191974844566344,1.9644129147734832,1.8993323919208718,2.793919615966427
141,2.252243576413341,1.6256002762056763,4.145683580171603,1.157877361993089,1.3354149393465609,3.7338337954729375,1.8682807589033528,2.0417264009336167,2.307102242493672,1.8936755271567398,1.603220070801527,1.5464269400678978,2.080965284235623,2.3797012168416485,2.7345728284531785
142,2.1620392599087244,1.5999215724840856,2.6224686441917013,1.3062001254026216,1.3989511138996957,1.6585299679036791,1.9879681744942577,2.4569339906237064,1.814808382194152,2.163511964100871,2.0407577087451814,0.8698694126848354,2.5795839496278954,2.921758238719927,1.6709874841569325
143,2.1299583109426754,1.0214352750119666,3.3965914064301357,1.4294203857683796,1.0789284689876784,2.8976308721793185,2.2703411838725494,1.4406475832680266,2.1776777776417187,2.139735419497487,0.835886459237719,1.2016089047446865,2.6905333454343996,1.9811928835219113,2.4554188226157683
144,2.3786429981419404,1.0950912083866373,4.888673217971217,1.4968787519257838,1.2942040261783652,4.1067732415151825,2.555429216246972,2.16821852388264,3.0621654367800777,2.1360856709484946,1.222848822145077,1.8344078530197512,2.9332773752672834,2.095921510743632,2.9952950372523803
145,2.467158687647338,1.6240902603534266,1.5788830724913216,1.6024926898563283,1.5967222033134578,2.109724912005299,3.0592850684369854,2.151930860409384,2.2964952163885557,2.134305470524925,1.3219543834387857,3.231652127655413,3.0275589954056423,3.1597973881441446,1.8706253411858413
146,2.4993352211312767,1.5938812642578037,1.4208252302794746,1.56105269103952,1.4122693102333908,2.294012571341425,3.114595693265992,2.352403208000783,2.576354212706788,2.0841900152209085,1.4996020937153847,3.861854824677479,2.9475432668348756,2.6873926126488183,2.2364569709299498
147,3.286806796187686,1.7426112706199448,2.400538205410355,1.3096462000869606,1.5763959425622824,2.4616186056571494,2.9124376137540353,2.3706089457071,3.3497469553619026,1.8396850193723195,1.7899078126629495,3.2811168719071033,1.7582887793253617,2.828947542163757,1.9077753834920697
148,2.387448726769179,1.7049505970918597,1.2249081998608968,1.37512804312023,1.6797239169748885,1.776985725159837,2.613093719188385,2.44103124342959,1.553548122628757,2.3900905002131463,1.9844882839399034,1.903520288392685,3.1280439378127687,2.974726916258192,2.3161284421523294
149,2.8600866407900143,1.8155151965930547,1.337866367008076,1.8304124740048588,1.7762719908671163,2.031743022375358,3.5750938545294617,2.763244823912182,1.4709546308766623,2.455855844929953,2.2525303283443314,2.5302870968768,3.8420853915543995,3.381350025351218,2.442143442610842
150,1.336931224787861,1.8888439830548918,1.4014661764907022,2.204540576226252,1.860261213883951,2.211166912307454,2.5679163460072916,3.04117736854438,2.0882506071485576,3.035487955170213,2.3328807724297604,3.9484829146635567,1.5779820849166846,3.2654243657895785,3.0262337025322017
151,1.162243096326274,1.6176412096985122,1.534096853395949,3.37610108898673,1.7300519846697995,2.313744477987773,3.295441895609899,2.74573971780204,2.2184459192836936,3.3885449829701413,2.386431616564309,3.7594075087472927,1.8590971005793118,3.381641303482608,2.5828836510090842
152,1.6566057584403084,1.2371650860417394,1.8650052435899669,4.079782682163378,1.4652061030964676,2.236775235613533,3.536868102264189,2.0794365068775695,2.7814795540498083,3.8735500198414776,1.3060539061927186,3.586725906043647,1.805897651186377,2.7896232697232084,2.5493342327690804
153,1.0227858658425082,1.8596083570494586,2.2883365025046363,1.3941761147398757,1.8737298844540733,2.430178208289077,1.647814435472884,2.7364447021162017,3.128097886862962,2.0814504545463306,1.8553702134647305,3.624367165971093,0.9129761554784778,3.3575636825846065,2.3682597892060255
154,1.1560763984517903,2.0171182203892783,2.8700713792378316,1.7430625346687907,2.1665853965909005,2.5314688147513165,1.764099868856565,3.3092836632133182,3.4059061497001464,2.311796928557571,2.8183790138769544,3.575312193391274,1.2390311823016815,3.8659989952470357,2.357405844019388
155,1.2585269735591909,1.9601293994001137,3.2327717025641816,2.6791185765689436,1.2748958577609548,2.7356999083050053,2.3722784785329383,1.468292229118278,4.312940322803764,2.9315347195038246,1.9559080990020314,3.322736619572425,1.4605793729377146,1.4684952894982866,2.2767231980332143
156,1.3496151211536989,1.7536857671031094,3.122677548014647,3.0542211799069063,1.4612640452290973,2.7086424560465785,2.933774692982649,1.4915078250190175,4.6828334836487535,3.2977223052859386,2.434179132533458,3.1292536968694797,1.6194908748399302,1.5389065568934086,2.2709535968508647
157,1.5313661404062469,1.9487056628544437,1.6927998994320788,3.5609639881176345,1.9048016110532122,2.1741458950160544,3.324432816506666,1.6532495739955702,1.983703672565719,3.9411004866598294,2.7888538906481113,2.7111930861221993,1.8823467569574688,2.145644098333846,3.24825082933777
158,1.7644200091166875,1.2489385942692175,2.3037705584727757,3.885867951968078,0.8782512977144622,2.392215367711322,3.569251458367382,1.9553496886187716,2.917960453006901,4.228015017814114,1.6053085018219218,3.5474109170659585,1.999836310296683,1.1304214011428726,3.06708671298965
159,2.108032734502987,1.3635014858485384,4.155940103487288,4.086509752726373,0.9816761164795162,2.937977096724153,3.8596964288640323,2.2085676624662187,4.707274693760134,4.524881919533071,1.9190112206316938,3.74212702952856,2.0925006817183673,1.3218745251159525,2.8913579136966985
